Date,Optimized Portfolio,Equal-Weighted Portfolio
2018-01-03 00:00:00+00:00,0.9997192742067211,1.0019289676820327
2018-01-04 00:00:00+00:00,1.005842685138538,1.0048577812809685
2018-01-05 00:00:00+00:00,1.0122563140675864,1.0106814712200582
2018-01-08 00:00:00+00:00,1.008884931096965,1.0194583439533256
2018-01-09 00:00:00+00:00,1.0104855806825401,1.020008860809305
2018-01-10 00:00:00+00:00,1.0136658505169476,1.0247532353773776
2018-01-11 00:00:00+00:00,1.0169599805170293,1.0297943626570778
2018-01-12 00:00:00+00:00,1.024411245025031,1.026297256106103
2018-01-16 00:00:00+00:00,1.0228470567636483,1.0233856691065117
2018-01-17 00:00:00+00:00,1.0278955475547524,1.0286594059434622
2018-01-18 00:00:00+00:00,1.0323571661444682,1.0297644145489249
2018-01-19 00:00:00+00:00,1.0339359809964104,1.0346634170849698
2018-01-22 00:00:00+00:00,1.0346883697284097,1.0402991717904393
2018-01-23 00:00:00+00:00,1.0357238270101143,1.0442292988584205
2018-01-24 00:00:00+00:00,1.031004827574608,1.036450834405416
2018-01-25 00:00:00+00:00,1.0247667713721222,1.0335305084533848
2018-01-26 00:00:00+00:00,1.0275748134363303,1.0409557325441976
2018-01-29 00:00:00+00:00,1.019789647488354,1.0382122748141316
2018-01-30 00:00:00+00:00,1.0135729598736924,1.030888541703569
2018-01-31 00:00:00+00:00,1.0158298541895965,1.0361880047278178
2018-02-01 00:00:00+00:00,1.023924506297994,1.0442847390858532
2018-02-02 00:00:00+00:00,1.0013525802329872,1.0249515258179245
2018-02-05 00:00:00+00:00,0.9714465136913307,0.9894250800823573
2018-02-06 00:00:00+00:00,0.9975214203086641,1.008314451535531
2018-02-07 00:00:00+00:00,0.9890602913253161,1.0069656595312169
2018-02-08 00:00:00+00:00,0.9602019410740537,0.9624819596770865
2018-02-09 00:00:00+00:00,0.9723687500518208,0.9732026716888572
2018-02-12 00:00:00+00:00,0.9951751895954987,0.9910386896830689
2018-02-13 00:00:00+00:00,0.9983970483877923,0.9953041320106879
2018-02-14 00:00:00+00:00,1.0160475529526722,1.0105428969964172
2018-02-15 00:00:00+00:00,1.0305824485571926,1.025944922164993
2018-02-16 00:00:00+00:00,1.0259245211194181,1.0244629433890708
2018-02-20 00:00:00+00:00,1.023839858139458,1.0222235894517109
2018-02-21 00:00:00+00:00,1.0221094388965992,1.0207383687553533
2018-02-22 00:00:00+00:00,1.0234413578474961,1.0269831519861452
2018-02-23 00:00:00+00:00,1.0348858328531465,1.0424920166899365
2018-02-26 00:00:00+00:00,1.0470256940063787,1.0544574820746766
2018-02-27 00:00:00+00:00,1.0437651158075432,1.045039896814454
2018-02-28 00:00:00+00:00,1.039648892158404,1.0349900680192288
2018-03-01 00:00:00+00:00,1.0267814189688187,1.0129484741400994
2018-03-02 00:00:00+00:00,1.0312159520865398,1.0191244961005286
2018-03-05 00:00:00+00:00,1.0393550320385405,1.027890377088784
2018-03-06 00:00:00+00:00,1.03862712201458,1.0238249766068919
2018-03-07 00:00:00+00:00,1.0372140035079709,1.0280748351470572
2018-03-08 00:00:00+00:00,1.0410330576342013,1.0281742433458
2018-03-09 00:00:00+00:00,1.0541196734967653,1.038530756923241
2018-03-12 00:00:00+00:00,1.0589357226211462,1.0495064532102425
2018-03-13 00:00:00+00:00,1.0490353477183378,1.0388454246476593
2018-03-14 00:00:00+00:00,1.0440921201603046,1.028743706350436
2018-03-15 00:00:00+00:00,1.0439727972137378,1.0254398862172276
2018-03-16 00:00:00+00:00,1.0438378722930892,1.0267755086580894
2018-03-19 00:00:00+00:00,1.032286387956263,1.0062988471499716
2018-03-20 00:00:00+00:00,1.0307607736746587,0.998845454140873
2018-03-21 00:00:00+00:00,1.0216627509236231,0.9978302576915049
2018-03-22 00:00:00+00:00,1.0003068072375527,0.9736724935501315
2018-03-23 00:00:00+00:00,0.9745284141440469,0.9490939822061786
2018-03-26 00:00:00+00:00,1.0059597188599976,0.969422845771646
2018-03-27 00:00:00+00:00,0.9835790825958094,0.935692649345471
2018-03-28 00:00:00+00:00,0.9784967176787436,0.9222697392220583
2018-03-29 00:00:00+00:00,0.9904851671947924,0.9419859856830893
2018-04-02 00:00:00+00:00,0.9788805983943079,0.9198920150112662
2018-04-03 00:00:00+00:00,0.9859465538316445,0.9350263293011031
2018-04-04 00:00:00+00:00,0.9956589125343528,0.9522378044621561
2018-04-05 00:00:00+00:00,1.0046772733927618,0.9713751841665326
2018-04-06 00:00:00+00:00,0.9868687460783375,0.9539580629552543
2018-04-09 00:00:00+00:00,0.9933718688921809,0.953186078825317
2018-04-10 00:00:00+00:00,1.0094583938734811,0.9775857318002018
2018-04-11 00:00:00+00:00,1.0014825881604594,0.9707052446788587
2018-04-12 00:00:00+00:00,1.0129828323556833,0.9719125787651116
2018-04-13 00:00:00+00:00,1.0045795329959881,0.9696393896999758
2018-04-16 00:00:00+00:00,1.008430601011875,0.9690812093801565
2018-04-17 00:00:00+00:00,1.0158820583948132,0.9745110983626963
2018-04-18 00:00:00+00:00,1.0083044304980313,0.9727535785950021
2018-04-19 00:00:00+00:00,1.0065222788852701,0.9798415397597933
2018-04-20 00:00:00+00:00,0.9922882854757413,0.96652696887104
2018-04-23 00:00:00+00:00,0.9918205435547005,0.9621186319401038
2018-04-24 00:00:00+00:00,0.9834957790327828,0.9524067178646156
2018-04-25 00:00:00+00:00,0.9844419521947005,0.9490198800705387
2018-04-26 00:00:00+00:00,0.9895909522198935,0.9673574132473506
2018-04-27 00:00:00+00:00,0.9862899350285159,0.9676882212799406
2018-04-30 00:00:00+00:00,0.9894968911424744,0.9678709985865552
2018-05-01 00:00:00+00:00,0.998546046759242,0.9751768845059967
2018-05-02 00:00:00+00:00,1.010507904626198,0.9830351745494335
2018-05-03 00:00:00+00:00,1.0059883760648918,0.9681426709373394
2018-05-04 00:00:00+00:00,1.02195122942338,0.9858399998049636
2018-05-07 00:00:00+00:00,1.0291347470228167,0.9972989931184212
2018-05-08 00:00:00+00:00,1.0346999811457247,1.0025554045474103
2018-05-09 00:00:00+00:00,1.0479827892848184,1.0172016720395471
2018-05-10 00:00:00+00:00,1.0561895994031636,1.023955920237996
2018-05-11 00:00:00+00:00,1.055568725289078,1.023716600785324
2018-05-14 00:00:00+00:00,1.0569819392742656,1.0191324114380274
2018-05-15 00:00:00+00:00,1.054074523495585,1.0134272812486493
2018-05-16 00:00:00+00:00,1.0553241363003723,1.0169577376964973
2018-05-17 00:00:00+00:00,1.0501621121354998,1.0147675470634427
2018-05-18 00:00:00+00:00,1.0419231952226993,1.0042469148827216
2018-05-21 00:00:00+00:00,1.0485770837581716,1.0146329503784848
2018-05-22 00:00:00+00:00,1.0515233787782188,1.0106712257038155
2018-05-23 00:00:00+00:00,1.0494895957746835,1.0130028881658992
2018-05-24 00:00:00+00:00,1.0460114276828312,1.0094867416280864
2018-05-25 00:00:00+00:00,1.0459497173370558,1.007272055289492
2018-05-29 00:00:00+00:00,1.0302985244704257,0.9966410719693101
2018-05-30 00:00:00+00:00,1.036689435361991,1.0083822736277563
2018-05-31 00:00:00+00:00,1.032586380785673,1.0053102254278374
2018-06-01 00:00:00+00:00,1.0442852037530062,1.0168521431548232
2018-06-04 00:00:00+00:00,1.0471699743857843,1.0226810432591649
2018-06-05 00:00:00+00:00,1.046440131930379,1.0177590399036358
2018-06-06 00:00:00+00:00,1.0588318017952576,1.0409927092335345
2018-06-07 00:00:00+00:00,1.0575160512082544,1.0363524089964964
2018-06-08 00:00:00+00:00,1.0534031123078749,1.0356582987910334
2018-06-11 00:00:00+00:00,1.0538253347952362,1.0453443864314114
2018-06-12 00:00:00+00:00,1.0541605076201992,1.0518460795179034
2018-06-13 00:00:00+00:00,1.050358921926377,1.0499969390692097
2018-06-14 00:00:00+00:00,1.0476409921287626,1.0595062304373508
2018-06-15 00:00:00+00:00,1.040828403502781,1.054256796634764
2018-06-18 00:00:00+00:00,1.0428201930627883,1.0633486539118266
2018-06-19 00:00:00+00:00,1.0348920720174075,1.0486274322588183
2018-06-20 00:00:00+00:00,1.037496251097215,1.0567079965660868
2018-06-21 00:00:00+00:00,1.035934167542914,1.0476226864593008
2018-06-22 00:00:00+00:00,1.031219553684834,1.0394924654317153
2018-06-25 00:00:00+00:00,1.0179830417813036,1.0262509183032764
2018-06-26 00:00:00+00:00,1.023930790134448,1.0335297545984763
2018-06-27 00:00:00+00:00,1.0187706783994177,1.0268780921070648
2018-06-28 00:00:00+00:00,1.0269292691478156,1.0339143044558585
2018-06-29 00:00:00+00:00,1.0196181964953597,1.026166555683211
2018-07-02 00:00:00+00:00,1.0256379128979398,1.0291684916729678
2018-07-03 00:00:00+00:00,1.0116954727644205,1.0052603585899376
2018-07-05 00:00:00+00:00,1.0179537889584613,1.0116041690552688
2018-07-06 00:00:00+00:00,1.0256510159324876,1.0181903402190913
2018-07-09 00:00:00+00:00,1.0441545583003102,1.0370685424545814
2018-07-10 00:00:00+00:00,1.0406166447347966,1.0356308891290922
2018-07-11 00:00:00+00:00,1.0336736917219225,1.0289464724027186
2018-07-12 00:00:00+00:00,1.0421264796147274,1.0342327426304683
2018-07-13 00:00:00+00:00,1.0400236160836265,1.0320470884777788
2018-07-16 00:00:00+00:00,1.054871767686723,1.0359235241660774
2018-07-17 00:00:00+00:00,1.0595243450690865,1.0483759429215465
2018-07-18 00:00:00+00:00,1.0587823503414937,1.0506531200135292
2018-07-19 00:00:00+00:00,1.0556962233554295,1.0449124276721111
2018-07-20 00:00:00+00:00,1.0610657312837803,1.0464842792177704
2018-07-23 00:00:00+00:00,1.0692999532580998,1.0478504652931875
2018-07-24 00:00:00+00:00,1.0740298074373122,1.049313919025034
2018-07-25 00:00:00+00:00,1.0812904298294392,1.0603951604521427
2018-07-26 00:00:00+00:00,1.0676240775101278,1.0224521687840469
2018-07-27 00:00:00+00:00,1.0623508916389048,1.0165816927662605
2018-07-30 00:00:00+00:00,1.0620023703688288,1.0063711478111825
2018-07-31 00:00:00+00:00,1.058151090303488,1.0093574088913728
2018-08-01 00:00:00+00:00,1.0843372721059044,1.0221358525346442
2018-08-02 00:00:00+00:00,1.0974976377367875,1.060350689691705
2018-08-03 00:00:00+00:00,1.1019106940912768,1.066546396154742
2018-08-06 00:00:00+00:00,1.1066603809717164,1.0717950023006142
2018-08-07 00:00:00+00:00,1.1022723161328325,1.091938613957923
2018-08-08 00:00:00+00:00,1.1065221673872865,1.0923706872261165
2018-08-09 00:00:00+00:00,1.1065024425112187,1.0822177778687054
2018-08-10 00:00:00+00:00,1.099404507427987,1.0753669045511225
2018-08-13 00:00:00+00:00,1.0930900110688346,1.072242442807083
2018-08-14 00:00:00+00:00,1.0989511966768146,1.0747854242994117
2018-08-15 00:00:00+00:00,1.0939797333953485,1.0657942975446815
2018-08-16 00:00:00+00:00,1.1026261980067615,1.0685008186190135
2018-08-17 00:00:00+00:00,1.110365564409148,1.0567842543873887
2018-08-20 00:00:00+00:00,1.107740450991577,1.0575467042757325
2018-08-21 00:00:00+00:00,1.108901142602299,1.0674901635470804
2018-08-22 00:00:00+00:00,1.1087668729406028,1.0682668625000185
2018-08-23 00:00:00+00:00,1.1075650587515162,1.0640258685779753
2018-08-24 00:00:00+00:00,1.1100068571024109,1.068985977086852
2018-08-27 00:00:00+00:00,1.1194701450052535,1.0755811327989977
2018-08-28 00:00:00+00:00,1.1217659390607122,1.0701572681079712
2018-08-29 00:00:00+00:00,1.1259368872254056,1.0678420108416191
2018-08-30 00:00:00+00:00,1.1285453683473055,1.0678918613665755
2018-08-31 00:00:00+00:00,1.1314951029602842,1.0673179287383603
2018-09-04 00:00:00+00:00,1.1339048430216434,1.0580225820617852
2018-09-05 00:00:00+00:00,1.1303971883324861,1.0478755693292439
2018-09-06 00:00:00+00:00,1.1197880806028393,1.0374541983712682
2018-09-07 00:00:00+00:00,1.1169055821394391,1.0251576615662015
2018-09-10 00:00:00+00:00,1.111510715775239,1.0397637424726276
2018-09-11 00:00:00+00:00,1.1224635329911048,1.044156720946382
2018-09-12 00:00:00+00:00,1.1107694374665917,1.0395168578432634
2018-09-13 00:00:00+00:00,1.1163238952523105,1.0396724538784106
2018-09-14 00:00:00+00:00,1.1151747871539563,1.0451580184418918
2018-09-17 00:00:00+00:00,1.1028795152135868,1.0372975480257065
2018-09-18 00:00:00+00:00,1.1025297511557042,1.0327159168160691
2018-09-19 00:00:00+00:00,1.1138593745502878,1.0498086512040141
2018-09-20 00:00:00+00:00,1.1203172773491985,1.0562942291985384
2018-09-21 00:00:00+00:00,1.112930091949251,1.052092456496224
2018-09-24 00:00:00+00:00,1.1158514872492107,1.053419572857545
2018-09-25 00:00:00+00:00,1.1172861485758694,1.0538796991851422
2018-09-26 00:00:00+00:00,1.10798734237111,1.0539813166723782
2018-09-27 00:00:00+00:00,1.1142638048319453,1.0565321403725092
2018-09-28 00:00:00+00:00,1.1078621765652232,1.0237959456029475
2018-10-01 00:00:00+00:00,1.1122789154542878,1.0541743254212184
2018-10-02 00:00:00+00:00,1.113726820074481,1.047857428103677
2018-10-03 00:00:00+00:00,1.1252054465464356,1.0537872245625384
2018-10-04 00:00:00+00:00,1.122534483047445,1.0410110682514258
2018-10-05 00:00:00+00:00,1.1129377586849152,1.021102894237304
2018-10-08 00:00:00+00:00,1.1125101624213964,1.0138458360019365
2018-10-09 00:00:00+00:00,1.1144768272602092,1.022621087812266
2018-10-10 00:00:00+00:00,1.0841425686504023,0.9972604770753126
2018-10-11 00:00:00+00:00,1.0700878836648737,0.9869960141649686
2018-10-12 00:00:00+00:00,1.0850745538937703,0.9989403495882483
2018-10-15 00:00:00+00:00,1.0695784264387622,0.9913200018219139
2018-10-16 00:00:00+00:00,1.0880399977365716,1.0186009174444912
2018-10-17 00:00:00+00:00,1.0915473472844757,1.0184521893962684
2018-10-18 00:00:00+00:00,1.072294511325695,0.9988354668889483
2018-10-19 00:00:00+00:00,1.0786819301344979,1.0008034359950706
2018-10-22 00:00:00+00:00,1.0687557815566422,0.9939345292786943
2018-10-23 00:00:00+00:00,1.0672594602477035,1.01327928085573
2018-10-24 00:00:00+00:00,1.0397713000514428,0.9861388795293757
2018-10-25 00:00:00+00:00,1.0552394062206214,1.014767511757147
2018-10-26 00:00:00+00:00,1.044446554179741,0.9997691095210124
2018-10-29 00:00:00+00:00,1.0393069541148623,0.9974957069451497
2018-10-30 00:00:00+00:00,1.0450705779880038,1.0048468148556693
2018-10-31 00:00:00+00:00,1.0666537047641935,1.0250476011601728
2018-11-01 00:00:00+00:00,1.0766396450056253,1.0341552477727962
2018-11-02 00:00:00+00:00,1.0519322541689489,1.0193264886029465
2018-11-05 00:00:00+00:00,1.0429913760285898,1.0122825856428683
2018-11-06 00:00:00+00:00,1.0494018442229633,1.0172218396084607
2018-11-07 00:00:00+00:00,1.0655475965041226,1.032525202180438
2018-11-08 00:00:00+00:00,1.0671774101250087,1.0325028254654842
2018-11-09 00:00:00+00:00,1.0542556206877052,1.0217054804289114
2018-11-12 00:00:00+00:00,1.0241909296505713,0.992237890498718
2018-11-13 00:00:00+00:00,1.0209344765581327,0.9965078637211933
2018-11-14 00:00:00+00:00,1.004439365871032,0.9917354262495263
2018-11-15 00:00:00+00:00,1.0219851417255053,1.005370423122809
2018-11-16 00:00:00+00:00,1.0224371045488094,1.0041161338441689
2018-11-19 00:00:00+00:00,1.004997392823713,0.9857644179006829
2018-11-20 00:00:00+00:00,0.9836785337520252,0.9708796568214066
2018-11-21 00:00:00+00:00,0.982845127135297,0.969988020017086
2018-11-23 00:00:00+00:00,0.9690342329259876,0.953784861293082
2018-11-26 00:00:00+00:00,0.9829047911598778,0.9798294518222754
2018-11-27 00:00:00+00:00,0.9838665819381874,0.9784611757760765
2018-11-28 00:00:00+00:00,1.0064952456464982,0.9954558330419685
2018-11-29 00:00:00+00:00,0.9996785537216705,0.9891279561471611
2018-11-30 00:00:00+00:00,1.0029979752048015,0.9973319100971114
2018-12-03 00:00:00+00:00,1.0173083296958707,1.0092349903198514
2018-12-04 00:00:00+00:00,0.9809335829704483,0.9770422177183821
2018-12-06 00:00:00+00:00,0.9705442344559096,0.9756270481922092
2018-12-07 00:00:00+00:00,0.9465010410399463,0.9556814047052588
2018-12-10 00:00:00+00:00,0.9416002615982089,0.9606179804451119
2018-12-11 00:00:00+00:00,0.937380838140996,0.9568578087365818
2018-12-12 00:00:00+00:00,0.9383520073649734,0.9607620089140784
2018-12-13 00:00:00+00:00,0.9405525953298296,0.964524655327954
2018-12-14 00:00:00+00:00,0.9306577668685713,0.9504683237983986
2018-12-17 00:00:00+00:00,0.9261334659770667,0.9322646402207888
2018-12-18 00:00:00+00:00,0.9316073190815608,0.9320641872138822
2018-12-19 00:00:00+00:00,0.9138762513885462,0.9093158225461399
2018-12-20 00:00:00+00:00,0.9048505082462241,0.896164546176989
2018-12-21 00:00:00+00:00,0.8796379460899119,0.8742935198564109
2018-12-24 00:00:00+00:00,0.8628238755339667,0.8510006901362904
2018-12-26 00:00:00+00:00,0.9063874343146681,0.9037372321286591
2018-12-27 00:00:00+00:00,0.9078489613399294,0.9020825800518274
2018-12-28 00:00:00+00:00,0.9078011876617653,0.9078143586994925
2018-12-31 00:00:00+00:00,0.9133979015126753,0.9096844926162173
2019-01-02 00:00:00+00:00,0.919615738971356,0.9079081581030743
2019-01-03 00:00:00+00:00,0.8806357967344339,0.8787074783346797
2019-01-04 00:00:00+00:00,0.9089376556696526,0.9136159391011793
2019-01-07 00:00:00+00:00,0.9080083567406692,0.9217943884417175
2019-01-08 00:00:00+00:00,0.9150746772168018,0.9298623626410455
2019-01-09 00:00:00+00:00,0.9242897579019176,0.938918576165964
2019-01-10 00:00:00+00:00,0.9249479185634145,0.9430875536198108
2019-01-11 00:00:00+00:00,0.9253729775891943,0.9441101260040641
2019-01-14 00:00:00+00:00,0.925223449007769,0.9413474541204258
2019-01-15 00:00:00+00:00,0.9353352979523354,0.9535561343387644
2019-01-16 00:00:00+00:00,0.9623310462831834,0.9696995294212729
2019-01-17 00:00:00+00:00,0.9710075492425999,0.9755997537133705
2019-01-18 00:00:00+00:00,0.9773618305326705,0.963767179419988
2019-01-22 00:00:00+00:00,0.9662954338839614,0.9539861843208512
2019-01-23 00:00:00+00:00,0.964564978520416,0.9442465019642271
2019-01-24 00:00:00+00:00,0.9642708039865296,0.9477311069256986
2019-01-25 00:00:00+00:00,0.9824927752812762,0.9634346511574575
2019-01-28 00:00:00+00:00,0.9793182031806386,0.9617197037316281
2019-01-29 00:00:00+00:00,0.9717949545185172,0.9543989029616115
2019-01-30 00:00:00+00:00,0.9938141800426008,0.9786966257535777
2019-01-31 00:00:00+00:00,0.9948753009680994,0.9926693544442751
2019-02-01 00:00:00+00:00,0.9936332208094286,0.9962806950642434
2019-02-04 00:00:00+00:00,1.0108709409808172,1.0095793705741745
2019-02-05 00:00:00+00:00,1.0163703031591487,1.0184700869881946
2019-02-06 00:00:00+00:00,1.015665043106075,1.0149950582618437
2019-02-07 00:00:00+00:00,1.0014981546508137,0.9994047172408135
2019-02-08 00:00:00+00:00,1.0028385652782341,0.9977208397157569
2019-02-11 00:00:00+00:00,1.0017969174043384,0.9994498427672448
2019-02-12 00:00:00+00:00,1.0080652928846832,1.0057401992985135
2019-02-13 00:00:00+00:00,1.0063920759221854,1.0032662330232733
2019-02-14 00:00:00+00:00,1.0038460258023976,0.9983920909772327
2019-02-15 00:00:00+00:00,1.0114934815616246,1.0068419570567528
2019-02-19 00:00:00+00:00,1.0127382249774246,1.0067278863929428
2019-02-20 00:00:00+00:00,1.018539763476309,1.009022218366963
2019-02-21 00:00:00+00:00,1.014215378515109,0.99752056239797
2019-02-22 00:00:00+00:00,1.0162994177218105,1.0026770649802574
2019-02-25 00:00:00+00:00,1.0221521236490512,1.0091009795071069
2019-02-26 00:00:00+00:00,1.0224423684441206,1.0076838538410673
2019-02-27 00:00:00+00:00,1.0260580152855494,1.0188864537174038
2019-02-28 00:00:00+00:00,1.0183662346251832,1.01769483107223
2019-03-01 00:00:00+00:00,1.025249625030805,1.0089321007029715
2019-03-04 00:00:00+00:00,1.0253537480932478,1.0071303312947368
2019-03-05 00:00:00+00:00,1.0265769345199485,1.0048638013255444
2019-03-06 00:00:00+00:00,1.0219202463333783,1.004195301034343
2019-03-07 00:00:00+00:00,1.0130767414587207,0.9942451631963576
2019-03-08 00:00:00+00:00,1.015319913030721,1.000132074041336
2019-03-11 00:00:00+00:00,1.0321443020964902,1.0163604027778685
2019-03-12 00:00:00+00:00,1.0361989897171857,1.0148613034872331
2019-03-13 00:00:00+00:00,1.042669349381946,1.0242495414018926
2019-03-14 00:00:00+00:00,1.0478656421522627,1.0250986328534404
2019-03-15 00:00:00+00:00,1.0493264190522573,1.01556186704766
2019-03-18 00:00:00+00:00,1.0577833362206859,1.0121811673484156
2019-03-19 00:00:00+00:00,1.0530925961948983,1.0097057806813603
2019-03-20 00:00:00+00:00,1.0451340605065667,1.0084633454023806
2019-03-21 00:00:00+00:00,1.0530919530130454,1.0150251003438184
2019-03-22 00:00:00+00:00,1.029490746802031,0.9920313531332486
2019-03-25 00:00:00+00:00,1.0234682119127427,0.9869979072693974
2019-03-26 00:00:00+00:00,1.02511879814304,0.9955174358047045
2019-03-27 00:00:00+00:00,1.0254202067370923,0.9982608006055219
2019-03-28 00:00:00+00:00,1.0297788505205496,1.002867970345737
2019-03-29 00:00:00+00:00,1.0359580205152752,1.0084822366542618
2019-04-01 00:00:00+00:00,1.051592847660571,1.0285625432979175
2019-04-02 00:00:00+00:00,1.0630760257145697,1.0373223294955234
2019-04-03 00:00:00+00:00,1.0650536191253925,1.041727714226894
2019-04-04 00:00:00+00:00,1.0705236344096831,1.032666590102662
2019-04-05 00:00:00+00:00,1.0720624587452916,1.0393963968563973
2019-04-08 00:00:00+00:00,1.0789356360185138,1.0404472025862377
2019-04-09 00:00:00+00:00,1.0750347567813312,1.0388412706069388
2019-04-10 00:00:00+00:00,1.0795908461653827,1.0443508042769094
2019-04-11 00:00:00+00:00,1.07631178707477,1.0385753774321331
2019-04-12 00:00:00+00:00,1.0909227216402344,1.0492398177445812
2019-04-15 00:00:00+00:00,1.0876234439574075,1.0464005265552572
2019-04-16 00:00:00+00:00,1.0879215283194887,1.0530869750826575
2019-04-17 00:00:00+00:00,1.0972982136501312,1.0557246726922491
2019-04-18 00:00:00+00:00,1.0985302628383231,1.0578456821971474
2019-04-22 00:00:00+00:00,1.1010974400272526,1.0542924465476458
2019-04-23 00:00:00+00:00,1.1077261345198652,1.0606874381170677
2019-04-24 00:00:00+00:00,1.106093155479673,1.0550442124149193
2019-04-25 00:00:00+00:00,1.1067508743923995,1.0577516274476824
2019-04-26 00:00:00+00:00,1.1078201204448284,1.0563083732848177
2019-04-29 00:00:00+00:00,1.114790038347401,1.0673179098989085
2019-04-30 00:00:00+00:00,1.1043678076330883,1.0595950697709684
2019-05-01 00:00:00+00:00,1.119388358089293,1.0617698121940031
2019-05-02 00:00:00+00:00,1.1197643000233517,1.0692808891023367
2019-05-03 00:00:00+00:00,1.1282946207666478,1.085906462448925
2019-05-06 00:00:00+00:00,1.1185576886165352,1.0799170110681386
2019-05-07 00:00:00+00:00,1.0995662466369118,1.0587414668147306
2019-05-08 00:00:00+00:00,1.098028824656107,1.0531771172390445
2019-05-09 00:00:00+00:00,1.0924211948296827,1.0477533356804303
2019-05-10 00:00:00+00:00,1.0852993555402155,1.0435247050132925
2019-05-13 00:00:00+00:00,1.0438280239388735,1.0040171756124652
2019-05-14 00:00:00+00:00,1.0542105761590683,1.0142456684901644
2019-05-15 00:00:00+00:00,1.0561401290206518,1.0183486241612985
2019-05-16 00:00:00+00:00,1.0586323734552103,1.0193648140979836
2019-05-17 00:00:00+00:00,1.0535343961359622,1.001057366524665
2019-05-20 00:00:00+00:00,1.0411011895562425,0.9901784829995068
2019-05-21 00:00:00+00:00,1.0525176132708869,0.9984805422999277
2019-05-22 00:00:00+00:00,1.0424787102895614,0.9838980628058042
2019-05-23 00:00:00+00:00,1.0255070154451489,0.9721563996320617
2019-05-24 00:00:00+00:00,1.0296005375460495,0.9708685352083062
2019-05-28 00:00:00+00:00,1.025495626677746,0.9683849709278051
2019-05-29 00:00:00+00:00,1.0212098771643683,0.9665610675125733
2019-05-30 00:00:00+00:00,1.015729688023686,0.9620629542266776
2019-05-31 00:00:00+00:00,1.0002590212863447,0.9454773651946593
2019-06-03 00:00:00+00:00,0.993748152705392,0.9276012478444158
2019-06-04 00:00:00+00:00,1.0238484074505114,0.9614501080752127
2019-06-05 00:00:00+00:00,1.0297848090831676,0.9681120327891631
2019-06-06 00:00:00+00:00,1.0367430739629457,0.9798030987249252
2019-06-07 00:00:00+00:00,1.0435923469824224,0.9859035975296164
2019-06-10 00:00:00+00:00,1.055943280800795,0.9994584401816267
2019-06-11 00:00:00+00:00,1.0635588359053687,1.0100379489090359
2019-06-12 00:00:00+00:00,1.0575691761316333,0.995980728457731
2019-06-13 00:00:00+00:00,1.0581391382380032,1.0019016427602705
2019-06-14 00:00:00+00:00,1.0579678846166019,1.0057069585888603
2019-06-17 00:00:00+00:00,1.0611276520426376,1.0197999389312145
2019-06-18 00:00:00+00:00,1.0789690154331757,1.0293698721370401
2019-06-19 00:00:00+00:00,1.0735946262514402,1.025673300322313
2019-06-20 00:00:00+00:00,1.0766064684522,1.026536337283582
2019-06-21 00:00:00+00:00,1.0737946756411951,1.0282218584112777
2019-06-24 00:00:00+00:00,1.0719770516557827,1.0281528473732564
2019-06-25 00:00:00+00:00,1.0621682592449602,1.017514370152599
2019-06-26 00:00:00+00:00,1.071951643818323,1.0210333281473083
2019-06-27 00:00:00+00:00,1.076427802040637,1.0272504835892284
2019-06-28 00:00:00+00:00,1.0845623553269286,1.0341235049958615
2019-07-01 00:00:00+00:00,1.0970960430351226,1.0448414411917304
2019-07-02 00:00:00+00:00,1.0964484957722438,1.0447015956706616
2019-07-03 00:00:00+00:00,1.0990033331627798,1.0588705509358693
2019-07-05 00:00:00+00:00,1.1012044109290147,1.0575273650485133
2019-07-08 00:00:00+00:00,1.0921932400063297,1.051047268709501
2019-07-09 00:00:00+00:00,1.0975352087042223,1.0564135264467096
2019-07-10 00:00:00+00:00,1.0980860829574708,1.065148467156365
2019-07-11 00:00:00+00:00,1.0993278134896824,1.0654701901349481
2019-07-12 00:00:00+00:00,1.104550736784959,1.0769562208199077
2019-07-15 00:00:00+00:00,1.1049281839738032,1.0819921442538218
2019-07-16 00:00:00+00:00,1.100512112639116,1.078889849467313
2019-07-17 00:00:00+00:00,1.100394983617086,1.0770427693861584
2019-07-18 00:00:00+00:00,1.1083474667500364,1.0826399609716615
2019-07-19 00:00:00+00:00,1.1007326066778762,1.0808272561192398
2019-07-22 00:00:00+00:00,1.1130260221990556,1.0891379710238085
2019-07-23 00:00:00+00:00,1.1250727597723604,1.1026953354632514
2019-07-24 00:00:00+00:00,1.1308939869174193,1.1268728077842118
2019-07-25 00:00:00+00:00,1.1223136912521876,1.0936840039462126
2019-07-26 00:00:00+00:00,1.12897581354839,1.0976926553236028
2019-07-29 00:00:00+00:00,1.128352368876314,1.0983819044035046
2019-07-30 00:00:00+00:00,1.131762320233775,1.104446104036732
2019-07-31 00:00:00+00:00,1.1363822122381186,1.1011831372603158
2019-08-01 00:00:00+00:00,1.111792502478811,1.0784453462380232
2019-08-02 00:00:00+00:00,1.1008832640795998,1.0689602982560482
2019-08-05 00:00:00+00:00,1.061195768282629,1.0331501660277649
2019-08-06 00:00:00+00:00,1.0736608480085719,1.0452587002444498
2019-08-07 00:00:00+00:00,1.0707850688988223,1.045318148902256
2019-08-08 00:00:00+00:00,1.0872617238615705,1.0623667897288747
2019-08-09 00:00:00+00:00,1.082720544615374,1.0546613601105466
2019-08-12 00:00:00+00:00,1.0717616058555626,1.0380402213204232
2019-08-13 00:00:00+00:00,1.0898489629763124,1.056215747658044
2019-08-14 00:00:00+00:00,1.0578035562475707,1.0155437838131294
2019-08-15 00:00:00+00:00,1.0544576074226721,1.012425601845863
2019-08-16 00:00:00+00:00,1.0745641155875034,1.028629747763356
2019-08-19 00:00:00+00:00,1.0857572875154937,1.0421546886576574
2019-08-20 00:00:00+00:00,1.0773816175221897,1.0332885482447973
2019-08-21 00:00:00+00:00,1.0843948944068162,1.033428568121542
2019-08-22 00:00:00+00:00,1.087260184334524,1.0343639668014843
2019-08-23 00:00:00+00:00,1.0580467622488134,1.003108193392906
2019-08-26 00:00:00+00:00,1.0703191987639225,1.0163758424865657
2019-08-27 00:00:00+00:00,1.062007181631011,1.011424599425594
2019-08-28 00:00:00+00:00,1.0700065028112498,1.0197902239281575
2019-08-29 00:00:00+00:00,1.0843004806853342,1.0363328246365207
2019-08-30 00:00:00+00:00,1.0863350158798477,1.0403138872682576
2019-09-03 00:00:00+00:00,1.0733625693855733,1.028091569437186
2019-09-04 00:00:00+00:00,1.0873989782904883,1.0368509564289623
2019-09-05 00:00:00+00:00,1.1073663000482377,1.0612205560012804
2019-09-06 00:00:00+00:00,1.1009049065932863,1.0548801311279408
2019-09-09 00:00:00+00:00,1.1154663063465151,1.0706274191691798
2019-09-10 00:00:00+00:00,1.1291318666809032,1.0773443839137902
2019-09-11 00:00:00+00:00,1.1440603180022095,1.0949254663889578
2019-09-12 00:00:00+00:00,1.1456802961001797,1.0941601855401666
2019-09-13 00:00:00+00:00,1.1444611542055405,1.0935206706448455
2019-09-16 00:00:00+00:00,1.1457437361725566,1.0889581723099373
2019-09-17 00:00:00+00:00,1.14529756247138,1.0924397842585296
2019-09-18 00:00:00+00:00,1.1499202860500668,1.0944932979527293
2019-09-19 00:00:00+00:00,1.144849766606924,1.0949525126428006
2019-09-20 00:00:00+00:00,1.135772083724682,1.0845068831600195
2019-09-23 00:00:00+00:00,1.1356714107987254,1.0832059920485517
2019-09-24 00:00:00+00:00,1.1241645552216264,1.0571220698245438
2019-09-25 00:00:00+00:00,1.1349992581530988,1.0669944171607513
2019-09-26 00:00:00+00:00,1.1304120409423717,1.072637799054335
2019-09-27 00:00:00+00:00,1.1304506388906546,1.0701651057641874
2019-09-30 00:00:00+00:00,1.1377687880134095,1.0724087869988932
2019-10-01 00:00:00+00:00,1.1281488679456357,1.06424789660119
2019-10-02 00:00:00+00:00,1.10940317362659,1.0489217505471098
2019-10-03 00:00:00+00:00,1.1139313962980628,1.0470593592931534
2019-10-04 00:00:00+00:00,1.1331801045243035,1.058455602424121
2019-10-07 00:00:00+00:00,1.1321729766786879,1.0617328970606177
2019-10-08 00:00:00+00:00,1.1173187000790303,1.0494812304963357
2019-10-09 00:00:00+00:00,1.126331538854568,1.0607652076117673
2019-10-10 00:00:00+00:00,1.1396759197570494,1.0678625221971811
2019-10-11 00:00:00+00:00,1.1582463323075556,1.0838781878354415
2019-10-14 00:00:00+00:00,1.1605773306141411,1.0916831867060017
2019-10-15 00:00:00+00:00,1.1697290930804054,1.1039787125880274
2019-10-16 00:00:00+00:00,1.1743336375190958,1.107020137073552
2019-10-17 00:00:00+00:00,1.1774489283890635,1.1122549163484232
2019-10-18 00:00:00+00:00,1.179184267295145,1.1050453645333431
2019-10-21 00:00:00+00:00,1.1968454397446662,1.1172068399738353
2019-10-22 00:00:00+00:00,1.1958228252252516,1.113751968812727
2019-10-23 00:00:00+00:00,1.2057768665154471,1.1193355921789403
2019-10-24 00:00:00+00:00,1.2057518598685952,1.1506725631663195
2019-10-25 00:00:00+00:00,1.2163678758180718,1.175958383239854
2019-10-28 00:00:00+00:00,1.2228075030029169,1.1831421370305442
2019-10-29 00:00:00+00:00,1.215862853393994,1.1724898779753372
2019-10-30 00:00:00+00:00,1.2094782402141888,1.1677135519003183
2019-10-31 00:00:00+00:00,1.2156270222473535,1.171284460640419
2019-11-01 00:00:00+00:00,1.2357056261168087,1.1846931981237838
2019-11-04 00:00:00+00:00,1.2471080622337198,1.1957300085010203
2019-11-05 00:00:00+00:00,1.251995426311176,1.1985214842798306
2019-11-06 00:00:00+00:00,1.250836805211756,1.2016632207926505
2019-11-07 00:00:00+00:00,1.2614256347458308,1.2137924452735658
2019-11-08 00:00:00+00:00,1.2631931576351088,1.2168029687760304
2019-11-11 00:00:00+00:00,1.2652363685426882,1.2199837820310349
2019-11-12 00:00:00+00:00,1.265347640786705,1.2281072385169538
2019-11-13 00:00:00+00:00,1.2651799734904718,1.2242917424575426
2019-11-14 00:00:00+00:00,1.2608538002939742,1.2253977131720561
2019-11-15 00:00:00+00:00,1.269931883358225,1.232272516224564
2019-11-18 00:00:00+00:00,1.2733968895560461,1.233745992705317
2019-11-19 00:00:00+00:00,1.2724177117630415,1.2400101214933938
2019-11-20 00:00:00+00:00,1.2631848143896922,1.2284522853571644
2019-11-21 00:00:00+00:00,1.2633521382703041,1.2305745481113204
2019-11-22 00:00:00+00:00,1.2678385909292582,1.223195061942107
2019-11-25 00:00:00+00:00,1.2799089894699445,1.2347504224867853
2019-11-26 00:00:00+00:00,1.2744884792990618,1.2259337708166715
2019-11-27 00:00:00+00:00,1.2825112249326787,1.2346313417401262
2019-11-29 00:00:00+00:00,1.2800475986818245,1.231752792343851
2019-12-02 00:00:00+00:00,1.275636817026445,1.229189960044498
2019-12-03 00:00:00+00:00,1.259413603557621,1.219151625660063
2019-12-04 00:00:00+00:00,1.267469304307193,1.2224758220655612
2019-12-05 00:00:00+00:00,1.2758821059681025,1.224027537896936
2019-12-06 00:00:00+00:00,1.2930006633234858,1.2395776050423903
2019-12-09 00:00:00+00:00,1.2845458161343675,1.2379953735965428
2019-12-10 00:00:00+00:00,1.2873109133539031,1.2460930975692397
2019-12-11 00:00:00+00:00,1.2931459701002077,1.2507391664762402
2019-12-12 00:00:00+00:00,1.3064312828250972,1.2614824346722024
2019-12-13 00:00:00+00:00,1.3086191703046004,1.2600403969178393
2019-12-16 00:00:00+00:00,1.3213646894112234,1.281552024709866
2019-12-17 00:00:00+00:00,1.326980832746916,1.2841089787299087
2019-12-18 00:00:00+00:00,1.3282462029078446,1.2964550549272695
2019-12-19 00:00:00+00:00,1.3278381848361063,1.3049959828522801
2019-12-20 00:00:00+00:00,1.3270801045945064,1.306652815158844
2019-12-23 00:00:00+00:00,1.337489983538595,1.3152904083461332
2019-12-24 00:00:00+00:00,1.3382401317441035,1.3176825334719442
2019-12-26 00:00:00+00:00,1.352546854318368,1.3302483651915622
2019-12-27 00:00:00+00:00,1.350206875623806,1.3277452839844546
2019-12-30 00:00:00+00:00,1.3490976962475294,1.3147265990520556
2019-12-31 00:00:00+00:00,1.3538192560212046,1.3203340721695571
2020-01-02 00:00:00+00:00,1.3719826404254174,1.3403567722311207
2020-01-03 00:00:00+00:00,1.356910013667014,1.3352656647544716
2020-01-06 00:00:00+00:00,1.3614113901058031,1.3412696577036238
2020-01-07 00:00:00+00:00,1.3561586318146828,1.34543163616019
2020-01-08 00:00:00+00:00,1.3694039327632188,1.3670342457727889
2020-01-09 00:00:00+00:00,1.3815567153140416,1.3734573805765857
2020-01-10 00:00:00+00:00,1.3785785461961706,1.3682532176922793
2020-01-13 00:00:00+00:00,1.3947338170111439,1.4020808907560591
2020-01-14 00:00:00+00:00,1.3907396389070115,1.4039229375760136
2020-01-15 00:00:00+00:00,1.3803793674939195,1.3931880919070638
2020-01-16 00:00:00+00:00,1.3873984995746242,1.3957307353814477
2020-01-17 00:00:00+00:00,1.3928152204720028,1.3994976331548736
2020-01-21 00:00:00+00:00,1.382923958259066,1.4088269210137725
2020-01-22 00:00:00+00:00,1.3860430847259457,1.4244757955847926
2020-01-23 00:00:00+00:00,1.384497857564187,1.4248067071150794
2020-01-24 00:00:00+00:00,1.3742417584064868,1.3886125826851026
2020-01-27 00:00:00+00:00,1.3490250832009714,1.3637796261062185
2020-01-28 00:00:00+00:00,1.3691036789884878,1.3836734875622219
2020-01-29 00:00:00+00:00,1.3777427230259842,1.4001443588275397
2020-01-30 00:00:00+00:00,1.3794114805935511,1.4145889777846314
2020-01-31 00:00:00+00:00,1.3457399145908862,1.3907469366152503
2020-02-03 00:00:00+00:00,1.3472473261048805,1.4397072802228104
2020-02-04 00:00:00+00:00,1.374252412991092,1.4941910295229233
2020-02-05 00:00:00+00:00,1.393905673963762,1.467045509534244
2020-02-06 00:00:00+00:00,1.399372195271484,1.4719759957856715
2020-02-07 00:00:00+00:00,1.392317262759247,1.46624131492172
2020-02-10 00:00:00+00:00,1.3960369267121684,1.4781416972773898
2020-02-11 00:00:00+00:00,1.392141741443819,1.4711663497125107
2020-02-12 00:00:00+00:00,1.4072124425920265,1.4809655584348649
2020-02-13 00:00:00+00:00,1.4043701882603368,1.494252959999773
2020-02-14 00:00:00+00:00,1.4040117910592558,1.494590818545349
2020-02-18 00:00:00+00:00,1.3880002262701223,1.5047805951616884
2020-02-19 00:00:00+00:00,1.4013846330911603,1.530768986245631
2020-02-20 00:00:00+00:00,1.3971392048927933,1.521461405059831
2020-02-21 00:00:00+00:00,1.377556392459662,1.5058324733964035
2020-02-24 00:00:00+00:00,1.328247585648183,1.4447575050729884
2020-02-25 00:00:00+00:00,1.2875115423300938,1.397891523286462
2020-02-26 00:00:00+00:00,1.2883629128659357,1.3909319879075224
2020-02-27 00:00:00+00:00,1.2339066068581321,1.3164861048224417
2020-02-28 00:00:00+00:00,1.2252517827771636,1.309210561598453
2020-03-02 00:00:00+00:00,1.2800367296368613,1.3730445247059093
2020-03-03 00:00:00+00:00,1.2372977684858348,1.3294103678299685
2020-03-04 00:00:00+00:00,1.269661047283966,1.3611801255004217
2020-03-05 00:00:00+00:00,1.230252690984519,1.3197582982310954
2020-03-06 00:00:00+00:00,1.2058322847850382,1.2900295891539453
2020-03-09 00:00:00+00:00,1.1059556429169892,1.1716041685430685
2020-03-10 00:00:00+00:00,1.1667930569513034,1.2330746811688507
2020-03-11 00:00:00+00:00,1.133437043960494,1.1890559961313953
2020-03-12 00:00:00+00:00,1.0504733458753857,1.078229600752873
2020-03-13 00:00:00+00:00,1.1661243634655174,1.1732157173610531
2020-03-16 00:00:00+00:00,1.041395946764618,1.0012843967649903
2020-03-17 00:00:00+00:00,1.086343127432078,1.0151106029374546
2020-03-18 00:00:00+00:00,1.0554039194380134,0.926605628090885
2020-03-19 00:00:00+00:00,1.0621793827877228,0.9709559520428577
2020-03-20 00:00:00+00:00,1.010246289757039,0.9277751530745995
2020-03-23 00:00:00+00:00,0.9734930201076235,0.9213260567196617
2020-03-24 00:00:00+00:00,1.0681231108520761,1.0412239177233822
2020-03-25 00:00:00+00:00,1.0656052562430396,1.0663268922543394
2020-03-26 00:00:00+00:00,1.1166552616172327,1.113997103595017
2020-03-27 00:00:00+00:00,1.0786596820382723,1.070171595378985
2020-03-30 00:00:00+00:00,1.1005845160128467,1.0812665547146296
2020-03-31 00:00:00+00:00,1.0859348358370184,1.0738431420909091
2020-04-01 00:00:00+00:00,1.0370987024236709,1.0091244943794089
2020-04-02 00:00:00+00:00,1.0574201305440178,1.004909061351127
2020-04-03 00:00:00+00:00,1.0409068481142854,0.9899768039059204
2020-04-06 00:00:00+00:00,1.1018387704322896,1.0687062321033578
2020-04-07 00:00:00+00:00,1.112002690778065,1.0946937312019376
2020-04-08 00:00:00+00:00,1.147001815552099,1.1287547593234153
2020-04-09 00:00:00+00:00,1.1743822759331577,1.160745864936684
2020-04-13 00:00:00+00:00,1.1668549002789939,1.1681542209267952
2020-04-14 00:00:00+00:00,1.1856567849183368,1.1943357279615432
2020-04-15 00:00:00+00:00,1.1544781138901166,1.169565157605388
2020-04-16 00:00:00+00:00,1.1434550613383294,1.160040211016579
2020-04-17 00:00:00+00:00,1.1737423976925132,1.2001755790959818
2020-04-20 00:00:00+00:00,1.151014113524804,1.1872353089217385
2020-04-21 00:00:00+00:00,1.1204815004833626,1.1443160497270835
2020-04-22 00:00:00+00:00,1.1387963528862806,1.1813706229806502
2020-04-23 00:00:00+00:00,1.1394601132291722,1.1753482501651031
2020-04-24 00:00:00+00:00,1.1583637224961474,1.202358668359625
2020-04-27 00:00:00+00:00,1.181397824992872,1.238477595193526
2020-04-28 00:00:00+00:00,1.1804860293180464,1.2405601492426002
2020-04-29 00:00:00+00:00,1.2134574289412179,1.3064365046602624
2020-04-30 00:00:00+00:00,1.2134944010599449,1.2974002652489438
2020-05-01 00:00:00+00:00,1.1886877468428751,1.2522895381261465
2020-05-04 00:00:00+00:00,1.1928672234842115,1.2747889951673623
2020-05-05 00:00:00+00:00,1.1948437914903918,1.2779222625295257
2020-05-06 00:00:00+00:00,1.193913749659878,1.2724730803527
2020-05-07 00:00:00+00:00,1.2082912303851512,1.288727328565673
2020-05-08 00:00:00+00:00,1.232310457253066,1.324541726942401
2020-05-11 00:00:00+00:00,1.2213129777034324,1.3057369934995864
2020-05-12 00:00:00+00:00,1.201999870947824,1.2859815029171506
2020-05-13 00:00:00+00:00,1.1761137638729968,1.2482432691973153
2020-05-14 00:00:00+00:00,1.195755703655731,1.2791190356432396
2020-05-15 00:00:00+00:00,1.1893002715887036,1.271614696851596
2020-05-18 00:00:00+00:00,1.2288282453325998,1.3145596785168945
2020-05-19 00:00:00+00:00,1.2139429636011514,1.301702855261667
2020-05-20 00:00:00+00:00,1.2395738527015927,1.337263473281854
2020-05-21 00:00:00+00:00,1.2365216403328885,1.3387580846140799
2020-05-22 00:00:00+00:00,1.2358018285710155,1.336827198654859
2020-05-26 00:00:00+00:00,1.263000813717989,1.3690937429229557
2020-05-27 00:00:00+00:00,1.2950091898188925,1.4120107879230002
2020-05-28 00:00:00+00:00,1.274570213710201,1.39343552561291
2020-05-29 00:00:00+00:00,1.2607431452718245,1.3851265267205466
2020-06-01 00:00:00+00:00,1.277219125532477,1.4284171850889935
2020-06-02 00:00:00+00:00,1.283724694395848,1.4403717569265806
2020-06-03 00:00:00+00:00,1.306272687464552,1.4723133541551727
2020-06-04 00:00:00+00:00,1.3183061971348702,1.4749422644523957
2020-06-05 00:00:00+00:00,1.355885922888974,1.5150286021035118
2020-06-08 00:00:00+00:00,1.3661767660770008,1.5421850632911065
2020-06-09 00:00:00+00:00,1.3783570515084325,1.5427595000176073
2020-06-10 00:00:00+00:00,1.362617735334565,1.5385927251362437
2020-06-11 00:00:00+00:00,1.2878527884732947,1.4482616966472004
2020-06-12 00:00:00+00:00,1.3090584668514789,1.4715524322821008
2020-06-15 00:00:00+00:00,1.3228177355060207,1.5042593474999577
2020-06-16 00:00:00+00:00,1.3481350016257423,1.5248574194536133
2020-06-17 00:00:00+00:00,1.3328064405591862,1.5151760862696086
2020-06-18 00:00:00+00:00,1.3338635684359383,1.5134879431546853
2020-06-19 00:00:00+00:00,1.3359372734668966,1.515971661690309
2020-06-22 00:00:00+00:00,1.3367657782085076,1.5164358295853428
2020-06-23 00:00:00+00:00,1.3509856535666014,1.5325924454230617
2020-06-24 00:00:00+00:00,1.3214259219385185,1.4800248829782772
2020-06-25 00:00:00+00:00,1.3458028770342956,1.5069967722340172
2020-06-26 00:00:00+00:00,1.295321380323971,1.4394001427442749
2020-06-29 00:00:00+00:00,1.3120328728832689,1.4680834514039478
2020-06-30 00:00:00+00:00,1.3250040719868605,1.5019229790634103
2020-07-01 00:00:00+00:00,1.3177979463259581,1.507723904186478
2020-07-02 00:00:00+00:00,1.317176412332877,1.5269440282424767
2020-07-06 00:00:00+00:00,1.3390191376008593,1.5887467058686937
2020-07-07 00:00:00+00:00,1.324847837666158,1.5719480840796352
2020-07-08 00:00:00+00:00,1.3383714279669312,1.5803968693490404
2020-07-09 00:00:00+00:00,1.3339850893812701,1.5721721567742901
2020-07-10 00:00:00+00:00,1.3606025558254526,1.6267724695046664
2020-07-13 00:00:00+00:00,1.3599624252323783,1.6112508897443518
2020-07-14 00:00:00+00:00,1.3671608968162516,1.6158223354056247
2020-07-15 00:00:00+00:00,1.3797702704158308,1.644648123375421
2020-07-16 00:00:00+00:00,1.360811813466356,1.6261805061969654
2020-07-17 00:00:00+00:00,1.3460402132868259,1.6118589490777468
2020-07-20 00:00:00+00:00,1.364379039312335,1.642668574745264
2020-07-21 00:00:00+00:00,1.3736425223572741,1.6408740372613508
2020-07-22 00:00:00+00:00,1.3722752587917362,1.65189367443215
2020-07-23 00:00:00+00:00,1.3525139222188591,1.6249688406339315
2020-07-24 00:00:00+00:00,1.3470806486115852,1.598555780389064
2020-07-27 00:00:00+00:00,1.3551744535537713,1.6337737284623597
2020-07-28 00:00:00+00:00,1.350579300957398,1.6079986357638274
2020-07-29 00:00:00+00:00,1.3783808483490323,1.640143783383372
2020-07-30 00:00:00+00:00,1.376452975489265,1.6306096338744018
2020-07-31 00:00:00+00:00,1.4341798605687603,1.6660669052305392
2020-08-03 00:00:00+00:00,1.4486698889808882,1.6833395597924004
2020-08-04 00:00:00+00:00,1.4518478271095647,1.6790229032529163
2020-08-05 00:00:00+00:00,1.4612098179496504,1.6930579138942614
2020-08-06 00:00:00+00:00,1.48588855941487,1.7210609413023081
2020-08-07 00:00:00+00:00,1.4879429696934319,1.725391104807524
2020-08-10 00:00:00+00:00,1.5029667971907261,1.7352591192288416
2020-08-11 00:00:00+00:00,1.492198718656631,1.7247198605101375
2020-08-12 00:00:00+00:00,1.5072201004718788,1.7676413423575985
2020-08-13 00:00:00+00:00,1.5095924367698283,1.7770858993421723
2020-08-14 00:00:00+00:00,1.5115038094774773,1.7883539455412352
2020-08-17 00:00:00+00:00,1.498693264189637,1.805071556282196
2020-08-18 00:00:00+00:00,1.49597842184001,1.803633148006919
2020-08-19 00:00:00+00:00,1.4961029885334207,1.8044252888651497
2020-08-20 00:00:00+00:00,1.5015767324088698,1.8283236854256446
2020-08-21 00:00:00+00:00,1.525846043466938,1.8453761429885958
2020-08-24 00:00:00+00:00,1.5488074591497591,1.8749705361156153
2020-08-25 00:00:00+00:00,1.5537100846673297,1.8874401188703362
2020-08-26 00:00:00+00:00,1.558766371751784,1.9282880979652604
2020-08-27 00:00:00+00:00,1.559720421414298,1.9456726322319222
2020-08-28 00:00:00+00:00,1.5641888783679825,1.9483343135070765
2020-08-31 00:00:00+00:00,1.5711691603911504,1.985734337281061
2020-09-01 00:00:00+00:00,1.5933053801126846,1.9849193082360872
2020-09-02 00:00:00+00:00,1.5903717156625332,1.9751176923222395
2020-09-03 00:00:00+00:00,1.538274909769323,1.9150509170194274
2020-09-04 00:00:00+00:00,1.554742290018687,1.9356775688160388
2020-09-08 00:00:00+00:00,1.4926213178055512,1.8085763319390846
2020-09-09 00:00:00+00:00,1.515045998504435,1.8563432937634792
2020-09-10 00:00:00+00:00,1.4882046230496286,1.8342134185378516
2020-09-11 00:00:00+00:00,1.4883138989574014,1.8378139686797492
2020-09-14 00:00:00+00:00,1.509079032958415,1.9062057929563667
2020-09-15 00:00:00+00:00,1.5021606209781575,1.9260567553740844
2020-09-16 00:00:00+00:00,1.4905252490326362,1.9166588517756966
2020-09-17 00:00:00+00:00,1.474401204396358,1.8863649028832141
2020-09-18 00:00:00+00:00,1.4543034138980335,1.883037126825059
2020-09-21 00:00:00+00:00,1.4536275680913038,1.8617182826330243
2020-09-22 00:00:00+00:00,1.4527443644964562,1.8479350688863545
2020-09-23 00:00:00+00:00,1.4150120598101192,1.78020357688774
2020-09-24 00:00:00+00:00,1.4220094077586878,1.7901726341102844
2020-09-25 00:00:00+00:00,1.445680837466167,1.8302088244386012
2020-09-28 00:00:00+00:00,1.4714126781496608,1.8711843094571439
2020-09-29 00:00:00+00:00,1.4621454498965545,1.8646103025787013
2020-09-30 00:00:00+00:00,1.4768642369577918,1.892933399729764
2020-10-01 00:00:00+00:00,1.4829160724812247,1.92168456185267
2020-10-02 00:00:00+00:00,1.466374850614637,1.892065757491815
2020-10-05 00:00:00+00:00,1.4924487568710816,1.932521951399881
2020-10-06 00:00:00+00:00,1.4702151221765405,1.8933201623738145
2020-10-07 00:00:00+00:00,1.489643810014155,1.9267788005257747
2020-10-08 00:00:00+00:00,1.498410953030508,1.9471205225144657
2020-10-09 00:00:00+00:00,1.51033351004113,1.9587342274980253
2020-10-12 00:00:00+00:00,1.55436807686749,2.0024748815220113
2020-10-13 00:00:00+00:00,1.5244355297349395,1.9853064974468424
2020-10-14 00:00:00+00:00,1.4951331083865709,1.9746225039455805
2020-10-15 00:00:00+00:00,1.503288820788185,1.9669982230713263
2020-10-16 00:00:00+00:00,1.4975673750429577,1.9604501332098738
2020-10-19 00:00:00+00:00,1.4714388009523987,1.9233789874558593
2020-10-20 00:00:00+00:00,1.489264303917927,1.9313991206413954
2020-10-21 00:00:00+00:00,1.4877529834945433,1.9301556077625666
2020-10-22 00:00:00+00:00,1.500287364610153,1.9692496527122354
2020-10-23 00:00:00+00:00,1.4995754247451978,1.9806541585941793
2020-10-26 00:00:00+00:00,1.4898875764289359,1.9564416902430037
2020-10-27 00:00:00+00:00,1.484093003665411,1.9592834352011048
2020-10-28 00:00:00+00:00,1.4471587048925598,1.892943705524694
2020-10-29 00:00:00+00:00,1.4714148966120313,1.9322896188602912
2020-10-30 00:00:00+00:00,1.4408259259069023,1.8832834750530898
2020-11-02 00:00:00+00:00,1.4479800310767645,1.9066778212769782
2020-11-03 00:00:00+00:00,1.4698398399052084,1.9531216174123722
2020-11-04 00:00:00+00:00,1.4765278148259462,1.97095515373673
2020-11-05 00:00:00+00:00,1.517351594934154,2.0202602428309406
2020-11-06 00:00:00+00:00,1.5099218644075314,2.0051657442191497
2020-11-09 00:00:00+00:00,1.57024247443709,2.0632377715677874
2020-11-10 00:00:00+00:00,1.5646953117837505,2.0449229117242496
2020-11-11 00:00:00+00:00,1.5763970028739445,2.0526835605649256
2020-11-12 00:00:00+00:00,1.5615511889056042,2.033649052944565
2020-11-13 00:00:00+00:00,1.5686933932151788,2.052219728470627
2020-11-16 00:00:00+00:00,1.5859293446020852,2.0698678580469023
2020-11-17 00:00:00+00:00,1.5798865321034097,2.0873499460289207
2020-11-18 00:00:00+00:00,1.5611569963568919,2.1051978153621933
2020-11-19 00:00:00+00:00,1.56430692711675,2.1205047933014987
2020-11-20 00:00:00+00:00,1.5538078437774159,2.0943477855778836
2020-11-23 00:00:00+00:00,1.5488336281524695,2.1283513784264834
2020-11-24 00:00:00+00:00,1.5892506301944695,2.2028691727406464
2020-11-25 00:00:00+00:00,1.594003076540883,2.2063965646523087
2020-11-27 00:00:00+00:00,1.5966379118817875,2.2162132026783126
2020-11-30 00:00:00+00:00,1.592302584055531,2.188218478508348
2020-12-01 00:00:00+00:00,1.6230789710866793,2.249022032992467
2020-12-02 00:00:00+00:00,1.6323801226549715,2.2532091397896177
2020-12-03 00:00:00+00:00,1.6306075144838141,2.258073321008345
2020-12-04 00:00:00+00:00,1.6342097660267156,2.270285917982886
2020-12-07 00:00:00+00:00,1.6392224947756615,2.306139543913578
2020-12-08 00:00:00+00:00,1.6383552087446867,2.305580485653786
2020-12-09 00:00:00+00:00,1.6219812954348118,2.2673609666689134
2020-12-10 00:00:00+00:00,1.6347221809056585,2.2933998110561276
2020-12-11 00:00:00+00:00,1.61909727644007,2.2652203623706963
2020-12-14 00:00:00+00:00,1.6094095379946944,2.2742496992738346
2020-12-15 00:00:00+00:00,1.6467343394272027,2.3093823109998604
2020-12-16 00:00:00+00:00,1.6480632351308342,2.3085085644231906
2020-12-17 00:00:00+00:00,1.6539544142017697,2.336503541886014
2020-12-18 00:00:00+00:00,1.64208225344486,2.3474753324932807
2020-12-21 00:00:00+00:00,1.6695898220555605,2.3411371903932525
2020-12-22 00:00:00+00:00,1.6741380115394342,2.330569350544289
2020-12-23 00:00:00+00:00,1.6871931556918636,2.3507779877381365
2020-12-24 00:00:00+00:00,1.6897907457762824,2.360810643805251
2020-12-28 00:00:00+00:00,1.7177475064507208,2.3923836808489662
2020-12-29 00:00:00+00:00,1.7071898903144296,2.3853323715998447
2020-12-30 00:00:00+00:00,1.699834820228808,2.397459648303272
2020-12-31 00:00:00+00:00,1.702178891959317,2.412442824891292
2021-01-04 00:00:00+00:00,1.6803950153789995,2.4022235669545338
2021-01-05 00:00:00+00:00,1.692921875715749,2.421195873185187
2021-01-06 00:00:00+00:00,1.7072233645991455,2.453902820960188
2021-01-07 00:00:00+00:00,1.7428949459682208,2.526771246244062
2021-01-08 00:00:00+00:00,1.7416888191665507,2.5554617623200495
2021-01-11 00:00:00+00:00,1.7337734366647386,2.4939927941178883
2021-01-12 00:00:00+00:00,1.7416811286661544,2.511559142722752
2021-01-13 00:00:00+00:00,1.748260046216401,2.526519349058385
2021-01-14 00:00:00+00:00,1.7463819499054836,2.5183935981599217
2021-01-15 00:00:00+00:00,1.722438044664046,2.4980872629170827
2021-01-19 00:00:00+00:00,1.7249062214217965,2.528299691316244
2021-01-20 00:00:00+00:00,1.7392729165031522,2.5533437146786735
2021-01-21 00:00:00+00:00,1.7529616578433458,2.5432160468127196
2021-01-22 00:00:00+00:00,1.759237662819794,2.541593067444073
2021-01-25 00:00:00+00:00,1.770051068440026,2.5558546866923413
2021-01-26 00:00:00+00:00,1.7680950011721432,2.5501463586924853
2021-01-27 00:00:00+00:00,1.7377932691012443,2.4848732298761163
2021-01-28 00:00:00+00:00,1.7238538024300887,2.471047425206607
2021-01-29 00:00:00+00:00,1.685399460375353,2.404432518057973
2021-02-01 00:00:00+00:00,1.702690488433642,2.4378471316228514
2021-02-02 00:00:00+00:00,1.7295366335165627,2.4942735559393396
2021-02-03 00:00:00+00:00,1.7353572644723827,2.4987154879679188
2021-02-04 00:00:00+00:00,1.768806160591535,2.5390701227787145
2021-02-05 00:00:00+00:00,1.7649590305185445,2.545935644585052
2021-02-08 00:00:00+00:00,1.7788505961216186,2.5658607576542756
2021-02-09 00:00:00+00:00,1.773096822283047,2.5513144558388707
2021-02-10 00:00:00+00:00,1.7716481105558615,2.5344950418728187
2021-02-11 00:00:00+00:00,1.768052504743346,2.5309789283436883
2021-02-12 00:00:00+00:00,1.77842211256509,2.544823691224074
2021-02-16 00:00:00+00:00,1.786286592237054,2.5543972472542262
2021-02-17 00:00:00+00:00,1.7775518195445095,2.5322660220992703
2021-02-18 00:00:00+00:00,1.7667020349623834,2.507151800957738
2021-02-19 00:00:00+00:00,1.7710754358452343,2.5135167621830026
2021-02-22 00:00:00+00:00,1.7629084846253698,2.477201531226712
2021-02-23 00:00:00+00:00,1.7706979191411558,2.4804207518676264
2021-02-24 00:00:00+00:00,1.7826139853774954,2.5234268066290153
2021-02-25 00:00:00+00:00,1.7495180642103727,2.4416861398177705
2021-02-26 00:00:00+00:00,1.7311796600848945,2.425465657604902
2021-03-01 00:00:00+00:00,1.7856105100379516,2.5132725543044496
2021-03-02 00:00:00+00:00,1.7657579250981024,2.4677887222648756
2021-03-03 00:00:00+00:00,1.7646594720927016,2.443352029014303
2021-03-04 00:00:00+00:00,1.7600370113359771,2.4178662532632407
2021-03-05 00:00:00+00:00,1.7763874902130143,2.4331614934159385
2021-03-08 00:00:00+00:00,1.7503641465973134,2.3805771939794145
2021-03-09 00:00:00+00:00,1.7659694585903074,2.480607607321196
2021-03-10 00:00:00+00:00,1.7778120626288685,2.4928921438676306
2021-03-11 00:00:00+00:00,1.7892266344667254,2.5430986595129856
2021-03-12 00:00:00+00:00,1.7942683853110737,2.5357966602159685
2021-03-15 00:00:00+00:00,1.8085469235453866,2.5546923505759027
2021-03-16 00:00:00+00:00,1.8167952761490362,2.539920367615419
2021-03-17 00:00:00+00:00,1.8195191361445,2.5654112102202755
2021-03-18 00:00:00+00:00,1.8124720013051925,2.5096423302842044
2021-03-19 00:00:00+00:00,1.8068897104596795,2.517774067411491
2021-03-22 00:00:00+00:00,1.8118591918293285,2.534403136691327
2021-03-23 00:00:00+00:00,1.7936947436886093,2.5017933066794287
2021-03-24 00:00:00+00:00,1.7782259957399271,2.465501441058295
2021-03-25 00:00:00+00:00,1.7925237365186415,2.490675359457684
2021-03-26 00:00:00+00:00,1.814235061092616,2.5007431056026377
2021-03-29 00:00:00+00:00,1.8117698425805284,2.4914834995159234
2021-03-30 00:00:00+00:00,1.8142234653119018,2.5114661017728745
2021-03-31 00:00:00+00:00,1.8235666851131975,2.54568193200939
2021-04-01 00:00:00+00:00,1.8426083834737301,2.5693021375553124
2021-04-05 00:00:00+00:00,1.8663963785744262,2.623905566761023
2021-04-06 00:00:00+00:00,1.8653670045655375,2.62047127697188
2021-04-07 00:00:00+00:00,1.882332774611691,2.6264509509894225
2021-04-08 00:00:00+00:00,1.8893617285107027,2.6425072637373734
2021-04-09 00:00:00+00:00,1.9075477968290713,2.652409709938935
2021-04-12 00:00:00+00:00,1.8994882271659685,2.663521362910374
2021-04-13 00:00:00+00:00,1.9029666960683222,2.6988164228177536
2021-04-14 00:00:00+00:00,1.8981682898204513,2.6762563892032407
2021-04-15 00:00:00+00:00,1.8934067673858834,2.68624151778955
2021-04-16 00:00:00+00:00,1.8981903350809577,2.6892113795331554
2021-04-19 00:00:00+00:00,1.9006365356028885,2.663432230601464
2021-04-20 00:00:00+00:00,1.8736384908021584,2.6318843857283145
2021-04-21 00:00:00+00:00,1.886212145504857,2.661413421459195
2021-04-22 00:00:00+00:00,1.8706332473287028,2.635218687775048
2021-04-23 00:00:00+00:00,1.8981081133559616,2.6800270971111266
2021-04-26 00:00:00+00:00,1.9046460070476665,2.7067516577143
2021-04-27 00:00:00+00:00,1.9111212505069515,2.6980375008898316
2021-04-28 00:00:00+00:00,1.9107418334038635,2.711340137074711
2021-04-29 00:00:00+00:00,1.9356787360593863,2.7563946474350742
2021-04-30 00:00:00+00:00,1.9143774231236494,2.7573116413980383
2021-05-03 00:00:00+00:00,1.9196553981395856,2.7445768505778263
2021-05-04 00:00:00+00:00,1.9015789138171175,2.7229337490973937
2021-05-05 00:00:00+00:00,1.9081648827780013,2.724926828644866
2021-05-06 00:00:00+00:00,1.9284175723229995,2.7454463096039756
2021-05-07 00:00:00+00:00,1.9344822979651068,2.76120473685101
2021-05-10 00:00:00+00:00,1.9105161945234386,2.6965720158135245
2021-05-11 00:00:00+00:00,1.8980616329011955,2.66400997186422
2021-05-12 00:00:00+00:00,1.873776484896429,2.6154812483907084
2021-05-13 00:00:00+00:00,1.8970553932304746,2.6299290994821565
2021-05-14 00:00:00+00:00,1.9221480206638195,2.681234340174779
2021-05-17 00:00:00+00:00,1.9217313634628104,2.6756555273456484
2021-05-18 00:00:00+00:00,1.9031811285246332,2.6466704885867935
2021-05-19 00:00:00+00:00,1.9005003661147042,2.6378223267709755
2021-05-20 00:00:00+00:00,1.9146579704567452,2.6703253955487964
2021-05-21 00:00:00+00:00,1.9123777149432226,2.659798401501153
2021-05-24 00:00:00+00:00,1.9277123594667391,2.7025373017895404
2021-05-25 00:00:00+00:00,1.9178244406877858,2.6964786849086795
2021-05-26 00:00:00+00:00,1.9179960410063845,2.7117373019856275
2021-05-27 00:00:00+00:00,1.919322318039551,2.737223448845368
2021-05-28 00:00:00+00:00,1.911934486625728,2.720547644209186
2021-06-01 00:00:00+00:00,1.9186319696238618,2.738608242651807
2021-06-02 00:00:00+00:00,1.9232111403451597,2.728540803229873
2021-06-03 00:00:00+00:00,1.9216892322359371,2.7054930195007287
2021-06-04 00:00:00+00:00,1.9362806886502046,2.7438138672916486
2021-06-07 00:00:00+00:00,1.9359249473104525,2.756308715723804
2021-06-08 00:00:00+00:00,1.9358379624173474,2.7539199031480908
2021-06-09 00:00:00+00:00,1.9280417836488568,2.7366751201443353
2021-06-10 00:00:00+00:00,1.9132103627624304,2.7347647313393715
2021-06-11 00:00:00+00:00,1.9222288436850397,2.7429067000475205
2021-06-14 00:00:00+00:00,1.9326049722029506,2.7530006533128497
2021-06-15 00:00:00+00:00,1.9286880753462996,2.745556536843811
2021-06-16 00:00:00+00:00,1.9333983400389068,2.7429045294205348
2021-06-17 00:00:00+00:00,1.9141146934872602,2.727024119183721
2021-06-18 00:00:00+00:00,1.8880459057016792,2.694273925675444
2021-06-21 00:00:00+00:00,1.9147922327489382,2.729139696438713
2021-06-22 00:00:00+00:00,1.9291644820275573,2.749308617076356
2021-06-23 00:00:00+00:00,1.9320944178030972,2.7811144050708467
2021-06-24 00:00:00+00:00,1.9419877462893256,2.812911632322378
2021-06-25 00:00:00+00:00,1.9530478942092366,2.8243992398008797
2021-06-28 00:00:00+00:00,1.9650653986223063,2.8438528866847794
2021-06-29 00:00:00+00:00,1.9608739204429966,2.822586358484393
2021-06-30 00:00:00+00:00,1.9685484975023373,2.8280264148711964
2021-07-01 00:00:00+00:00,1.9773123242914408,2.8460364665665314
2021-07-02 00:00:00+00:00,1.9846158596604315,2.854000377193435
2021-07-06 00:00:00+00:00,1.9761513212699573,2.8227896614251793
2021-07-07 00:00:00+00:00,1.9825002266355671,2.815933961460463
2021-07-08 00:00:00+00:00,1.9576650105777327,2.787524398719751
2021-07-09 00:00:00+00:00,1.9903994855805984,2.846822201211373
2021-07-12 00:00:00+00:00,1.9985291470146356,2.892535158908801
2021-07-13 00:00:00+00:00,1.9905312336336902,2.868611952361351
2021-07-14 00:00:00+00:00,1.9886880702865637,2.8423487345640486
2021-07-15 00:00:00+00:00,1.9840278314594895,2.8357547109246144
2021-07-16 00:00:00+00:00,1.956867870364168,2.797077240095502
2021-07-19 00:00:00+00:00,1.9190754015691254,2.7536924943105765
2021-07-20 00:00:00+00:00,1.9519537571243886,2.8095453927508713
2021-07-21 00:00:00+00:00,1.9637514832778231,2.835765025597043
2021-07-22 00:00:00+00:00,1.9630003353966676,2.8306075322508213
2021-07-23 00:00:00+00:00,1.972140781308679,2.8501302787504468
2021-07-26 00:00:00+00:00,1.982787934872076,2.877547444676573
2021-07-27 00:00:00+00:00,1.9682923155450225,2.852240487618091
2021-07-28 00:00:00+00:00,1.9640746379515697,2.8525064771292716
2021-07-29 00:00:00+00:00,1.9729725235513822,2.8731574109869014
2021-07-30 00:00:00+00:00,1.967724174180479,2.8697183026861866
2021-08-02 00:00:00+00:00,1.9576459578615464,2.8717231383429245
2021-08-03 00:00:00+00:00,1.9768406821125886,2.89252504359564
2021-08-04 00:00:00+00:00,1.972165311326889,2.899445631269839
2021-08-05 00:00:00+00:00,1.9873942252893713,2.921007285572816
2021-08-06 00:00:00+00:00,2.0043400713709985,2.9342674634094568
2021-08-09 00:00:00+00:00,2.0126251972912765,2.945801499401171
2021-08-10 00:00:00+00:00,2.0232568677311313,2.9599465553227216
2021-08-11 00:00:00+00:00,2.0330734565614956,2.969816445678076
2021-08-12 00:00:00+00:00,2.052212985800952,2.9986187267834565
2021-08-13 00:00:00+00:00,2.0445364864325275,2.9945425666471883
2021-08-16 00:00:00+00:00,2.049502221141276,2.9780505076176222
2021-08-17 00:00:00+00:00,2.0391588015163595,2.9341048120458773
2021-08-18 00:00:00+00:00,2.0146467642684156,2.924792238023466
2021-08-19 00:00:00+00:00,2.005832846738182,2.8947514482679577
2021-08-20 00:00:00+00:00,2.0174582757256667,2.9180111204530594
2021-08-23 00:00:00+00:00,2.0354085076889996,2.958017062445715
2021-08-24 00:00:00+00:00,2.0455421673218406,2.972388407330984
2021-08-25 00:00:00+00:00,2.0518662349878327,2.9915179790180364
2021-08-26 00:00:00+00:00,2.0447944393854267,2.969244772020907
2021-08-27 00:00:00+00:00,2.0601092678513795,3.0090906621073263
2021-08-30 00:00:00+00:00,2.070551425137071,3.0152884784561076
2021-08-31 00:00:00+00:00,2.0655761028569635,3.017628287972944
2021-09-01 00:00:00+00:00,2.059925141829163,3.0020275226623507
2021-09-02 00:00:00+00:00,2.0641379417238013,2.9933840191867556
2021-09-03 00:00:00+00:00,2.068041470553971,2.993663043296839
2021-09-07 00:00:00+00:00,2.085860979673226,3.018585083710561
2021-09-08 00:00:00+00:00,2.0675453282381024,2.9907976065939863
2021-09-09 00:00:00+00:00,2.0654275493957113,2.9974005231530287
2021-09-10 00:00:00+00:00,2.02978620334064,2.9622064296737953
2021-09-13 00:00:00+00:00,2.0437792159300874,2.982494966128293
2021-09-14 00:00:00+00:00,2.0176549638063497,2.956405128609129
2021-09-15 00:00:00+00:00,2.0266143203106464,2.979597902528081
2021-09-16 00:00:00+00:00,2.030689239648677,2.9860374080204664
2021-09-17 00:00:00+00:00,2.0159766350021586,2.9653967314383154
2021-09-20 00:00:00+00:00,1.9738828449607675,2.8939425759434654
2021-09-21 00:00:00+00:00,1.977154027730759,2.913747729334027
2021-09-22 00:00:00+00:00,2.0026235914549497,2.9304171268220576
2021-09-23 00:00:00+00:00,2.03529718715399,2.9717241746280796
2021-09-24 00:00:00+00:00,2.0456127962448485,3.0079072552564474
2021-09-27 00:00:00+00:00,2.057194424408984,3.0325130264298945
2021-09-28 00:00:00+00:00,2.0342146054519485,2.9834303292982587
2021-09-29 00:00:00+00:00,2.037065869738194,2.9787109032943717
2021-09-30 00:00:00+00:00,2.0200238350238533,2.9467686863958784
2021-10-01 00:00:00+00:00,2.0374663317567294,2.9804730599930496
2021-10-04 00:00:00+00:00,2.018742088044282,2.946265178140557
2021-10-05 00:00:00+00:00,2.0454085391894963,2.978574063224294
2021-10-06 00:00:00+00:00,2.0505179103194866,2.9804619648341086
2021-10-07 00:00:00+00:00,2.053719224034598,2.987040939144023
2021-10-08 00:00:00+00:00,2.0556002126045483,2.9885148348289277
2021-10-11 00:00:00+00:00,2.0445360580222145,2.9688522522104193
2021-10-12 00:00:00+00:00,2.033469524451778,2.9742637827639893
2021-10-13 00:00:00+00:00,2.0241386047040364,2.955157285823647
2021-10-14 00:00:00+00:00,2.0716322180823616,3.012736834021056
2021-10-15 00:00:00+00:00,2.096786323051505,3.050092846723071
2021-10-18 00:00:00+00:00,2.107746388095465,3.0910653736739837
2021-10-19 00:00:00+00:00,2.1237299432715475,3.1091832608099703
2021-10-20 00:00:00+00:00,2.1362706093193133,3.127037186259417
2021-10-21 00:00:00+00:00,2.133623005536528,3.111646314036636
2021-10-22 00:00:00+00:00,2.13570980104921,3.1014113538423453
2021-10-25 00:00:00+00:00,2.1359381562221116,3.16707982065352
2021-10-26 00:00:00+00:00,2.1420307094120385,3.146918580544887
2021-10-27 00:00:00+00:00,2.123973938941532,3.10693429619671
2021-10-28 00:00:00+00:00,2.1561422507358636,3.1527181489659606
2021-10-29 00:00:00+00:00,2.144695882359439,3.165235520281057
2021-11-01 00:00:00+00:00,2.1437969249439486,3.2245326814456323
2021-11-02 00:00:00+00:00,2.1490087740253907,3.2094697638691887
2021-11-03 00:00:00+00:00,2.1653853529398255,3.250379329241655
2021-11-04 00:00:00+00:00,2.147879386280617,3.2445954397521954
2021-11-05 00:00:00+00:00,2.146677046012224,3.2568827150605864
2021-11-08 00:00:00+00:00,2.147539172493556,3.2291363406905482
2021-11-09 00:00:00+00:00,2.141011116195648,3.15585742185341
2021-11-10 00:00:00+00:00,2.129470126822146,3.1632611914200077
2021-11-11 00:00:00+00:00,2.2477987665095984,3.285219150216444
2021-11-12 00:00:00+00:00,2.2853170795465756,3.328187967543044
2021-11-15 00:00:00+00:00,2.373147653415968,3.406983515661701
2021-11-16 00:00:00+00:00,2.465129832973336,3.508372970947902
2021-11-17 00:00:00+00:00,2.3778193801225758,3.4287495761951665
2021-11-18 00:00:00+00:00,2.307824450451741,3.35497721150457
2021-11-19 00:00:00+00:00,2.33178129986859,3.403210617527061
2021-11-22 00:00:00+00:00,2.302216663853886,3.3813098970191806
2021-11-23 00:00:00+00:00,2.332327336300304,3.3943412028304984
2021-11-24 00:00:00+00:00,2.315005427631249,3.3847084083660097
2021-11-26 00:00:00+00:00,2.2410607244796106,3.277697689045351
2021-11-29 00:00:00+00:00,2.2943781429279184,3.3547361444619432
2021-11-30 00:00:00+00:00,2.2953472385176346,3.312995700425128
2021-12-01 00:00:00+00:00,2.2571870597175017,3.2282433556181416
2021-12-02 00:00:00+00:00,2.251677142007066,3.232203798368473
2021-12-03 00:00:00+00:00,2.192910131541224,3.136288029125524
2021-12-06 00:00:00+00:00,2.2803779714667467,3.2425979470847417
2021-12-07 00:00:00+00:00,2.3181268596929887,3.3091004344432804
2021-12-08 00:00:00+00:00,2.3586107304599047,3.3614870552307563
2021-12-09 00:00:00+00:00,2.330455111929945,3.306210326540966
2021-12-10 00:00:00+00:00,2.3504393907196346,3.3327039519014243
2021-12-13 00:00:00+00:00,2.3388139828469994,3.2917240427147605
2021-12-14 00:00:00+00:00,2.333807147824755,3.2934395157838527
2021-12-15 00:00:00+00:00,2.3463996683227157,3.317167701896562
2021-12-16 00:00:00+00:00,2.3007333883873335,3.244102376077309
2021-12-17 00:00:00+00:00,2.217589611491521,3.1656374016952427
2021-12-20 00:00:00+00:00,2.152926804613491,3.058601321312194
2021-12-21 00:00:00+00:00,2.228318663926414,3.1806212971026633
2021-12-22 00:00:00+00:00,2.2379685771944504,3.2195481999980324
2021-12-23 00:00:00+00:00,2.247876422374384,3.2669229551700854
2021-12-27 00:00:00+00:00,2.33180117933872,3.374958370416154
2021-12-28 00:00:00+00:00,2.3058074919293565,3.347314757788842
2021-12-29 00:00:00+00:00,2.284550616835267,3.3196814633689096
2021-12-30 00:00:00+00:00,2.3007643920610685,3.332030065494223
2021-12-31 00:00:00+00:00,2.295783218284214,3.3097704192257056
2022-01-03 00:00:00+00:00,2.3421784365263787,3.432295643941231
2022-01-04 00:00:00+00:00,2.355673755069335,3.430370732223605
2022-01-05 00:00:00+00:00,2.25069671351197,3.282012583763876
2022-01-06 00:00:00+00:00,2.240022451510895,3.279708349659273
2022-01-07 00:00:00+00:00,2.2511169401202173,3.277897255159201
2022-01-10 00:00:00+00:00,2.215153733918598,3.2629425279667488
2022-01-11 00:00:00+00:00,2.248958282173923,3.3074629353451024
2022-01-12 00:00:00+00:00,2.264190323087654,3.3407749411328402
2022-01-13 00:00:00+00:00,2.205594554220067,3.2473796799859684
2022-01-14 00:00:00+00:00,2.1956671833949777,3.2489606176651598
2022-01-18 00:00:00+00:00,2.1043491346777734,3.1255874595096924
2022-01-19 00:00:00+00:00,2.065765903421503,3.05264573204642
2022-01-20 00:00:00+00:00,2.014716391082803,2.9959064966453455
2022-01-21 00:00:00+00:00,1.9844595797309517,2.9191437589158973
2022-01-24 00:00:00+00:00,1.9726862686787616,2.913678412539418
2022-01-25 00:00:00+00:00,1.9432639504606497,2.8786695343128863
2022-01-26 00:00:00+00:00,1.9532473078838892,2.884840570193184
2022-01-27 00:00:00+00:00,1.8949222433550665,2.756479276780784
2022-01-28 00:00:00+00:00,1.9771147088814869,2.842354206195141
2022-01-31 00:00:00+00:00,2.076042140191594,3.006098567012962
2022-02-01 00:00:00+00:00,2.1197429928429576,3.0599485099209938
2022-02-02 00:00:00+00:00,2.0864009225391613,3.0141341554205585
2022-02-03 00:00:00+00:00,2.0064236364054944,2.8227510678095795
2022-02-04 00:00:00+00:00,2.03703074263339,2.8655790883911507
2022-02-07 00:00:00+00:00,2.0113903536155684,2.8181846003993427
2022-02-08 00:00:00+00:00,2.0566176297937138,2.8718455193652357
2022-02-09 00:00:00+00:00,2.0964345978558705,2.941203264001055
2022-02-10 00:00:00+00:00,2.0751243263890924,2.9057348122042574
2022-02-11 00:00:00+00:00,1.9936637183037291,2.7964734462585117
2022-02-14 00:00:00+00:00,2.0178039388316336,2.8270577988581724
2022-02-15 00:00:00+00:00,2.0699760726460448,2.9140590591609254
2022-02-16 00:00:00+00:00,2.0647701463779673,2.9018748953690996
2022-02-17 00:00:00+00:00,2.0089204007808523,2.8056102893151285
2022-02-18 00:00:00+00:00,2.012097962393176,2.8008406473470835
2022-02-22 00:00:00+00:00,1.9618325108504815,2.7251352158925535
2022-02-23 00:00:00+00:00,1.89309111185047,2.62288166803666
2022-02-24 00:00:00+00:00,1.9408968503837756,2.7004102577823854
2022-02-25 00:00:00+00:00,1.9712748912384037,2.752127136121841
2022-02-28 00:00:00+00:00,1.9913413264911684,2.807779320958458
2022-03-01 00:00:00+00:00,1.9115959954824369,2.688703975572436
2022-03-02 00:00:00+00:00,1.8759886150460043,2.671765753287951
2022-03-03 00:00:00+00:00,1.8426087033348248,2.606593339092271
2022-03-04 00:00:00+00:00,1.7748525828704058,2.529572826485577
2022-03-07 00:00:00+00:00,1.6692668081783917,2.3711639811983907
2022-03-08 00:00:00+00:00,1.6654090317607362,2.390282941886441
2022-03-09 00:00:00+00:00,1.7435399156767426,2.4941824942752504
2022-03-10 00:00:00+00:00,1.692818443860341,2.4273044348364388
2022-03-11 00:00:00+00:00,1.6389417952842684,2.345931776033372
2022-03-14 00:00:00+00:00,1.6122029876969401,2.3209354784745124
2022-03-15 00:00:00+00:00,1.6485172890194113,2.3824260757961295
2022-03-16 00:00:00+00:00,1.7384245335745407,2.51240433199484
2022-03-17 00:00:00+00:00,1.7531636953235945,2.545242506109161
2022-03-18 00:00:00+00:00,1.8032758877636246,2.6301631647772474
2022-03-21 00:00:00+00:00,1.7860087437701722,2.5971534686601236
2022-03-22 00:00:00+00:00,1.8546181087834546,2.708039662419057
2022-03-23 00:00:00+00:00,1.832370264502531,2.6700214950560155
2022-03-24 00:00:00+00:00,1.8766631619006033,2.731334773345054
2022-03-25 00:00:00+00:00,1.8667780126118403,2.7253065745604323
2022-03-28 00:00:00+00:00,1.866435863179288,2.756170924148311
2022-03-29 00:00:00+00:00,1.9581885294296386,2.871325200697656
2022-03-30 00:00:00+00:00,1.9292036317219716,2.835844771084261
2022-03-31 00:00:00+00:00,1.8706906224728548,2.760391202378349
2022-04-01 00:00:00+00:00,1.8311722979394303,2.7290748622114687
2022-04-04 00:00:00+00:00,1.8501962520765716,2.786655958556013
2022-04-05 00:00:00+00:00,1.7840253285334007,2.700353211687534
2022-04-06 00:00:00+00:00,1.7405546874768691,2.6284616789158393
2022-04-07 00:00:00+00:00,1.7354978905877871,2.623338647687036
2022-04-08 00:00:00+00:00,1.7197896447985015,2.6036338608360534
2022-04-11 00:00:00+00:00,1.7081871618742588,2.565531023953463
2022-04-12 00:00:00+00:00,1.693638753343433,2.55409232245441
2022-04-13 00:00:00+00:00,1.7308817762236715,2.6108840261186117
2022-04-14 00:00:00+00:00,1.685230798369119,2.550367449272738
2022-04-18 00:00:00+00:00,1.6809508801103683,2.5651905670557738
2022-04-19 00:00:00+00:00,1.7128534221331195,2.621379388839891
2022-04-20 00:00:00+00:00,1.6754634043648013,2.5339936860180927
2022-04-21 00:00:00+00:00,1.6282434093071834,2.4746531828962675
2022-04-22 00:00:00+00:00,1.5888692750188824,2.4221030383727187
2022-04-25 00:00:00+00:00,1.5933130508229532,2.4298651119595043
2022-04-26 00:00:00+00:00,1.52017424027232,2.293049671143829
2022-04-27 00:00:00+00:00,1.520297422429803,2.278351065140482
2022-04-28 00:00:00+00:00,1.5783723737451996,2.4099543302890605
2022-04-29 00:00:00+00:00,1.5156935886560527,2.3331577243867065
2022-05-02 00:00:00+00:00,1.5461500478427608,2.396108178934705
2022-05-03 00:00:00+00:00,1.5695464606554734,2.426566961402274
2022-05-04 00:00:00+00:00,1.6418592746966671,2.5423464477625264
2022-05-05 00:00:00+00:00,1.5497391510105258,2.3847415004642465
2022-05-06 00:00:00+00:00,1.525685248248682,2.333487071755727
2022-05-09 00:00:00+00:00,1.4119123229644281,2.1653587453575858
2022-05-10 00:00:00+00:00,1.4123739386104277,2.166925385727632
2022-05-11 00:00:00+00:00,1.3474574660162313,2.0634953402587666
2022-05-12 00:00:00+00:00,1.3878161519044863,2.1021457301900766
2022-05-13 00:00:00+00:00,1.4410492813012246,2.1947381112388986
2022-05-16 00:00:00+00:00,1.4068420794294652,2.1363787870627258
2022-05-17 00:00:00+00:00,1.4733428020054775,2.2351787666159906
2022-05-18 00:00:00+00:00,1.4214205076868018,2.145704561327356
2022-05-19 00:00:00+00:00,1.4319126606165988,2.1574512130777967
2022-05-20 00:00:00+00:00,1.4169952968169173,2.1238012018578294
2022-05-23 00:00:00+00:00,1.456505578315341,2.1730424913991517
2022-05-24 00:00:00+00:00,1.4191098109989335,2.07993365116694
2022-05-25 00:00:00+00:00,1.4327551730558359,2.1262246776250913
2022-05-26 00:00:00+00:00,1.484671258089393,2.21999286389698
2022-05-27 00:00:00+00:00,1.5338467103405986,2.299136705860177
2022-05-31 00:00:00+00:00,1.538235234841103,2.305185632862448
2022-06-01 00:00:00+00:00,1.514280730752006,2.258568041199324
2022-06-02 00:00:00+00:00,1.5517052184006543,2.3317198986322545
2022-06-03 00:00:00+00:00,1.4989707077219785,2.2298439646128925
2022-06-06 00:00:00+00:00,1.4879995333499303,2.231630612062616
2022-06-07 00:00:00+00:00,1.5099475267340325,2.260725961578956
2022-06-08 00:00:00+00:00,1.5019610680962638,2.2522921962452505
2022-06-09 00:00:00+00:00,1.4461211942630785,2.1707111107294654
2022-06-10 00:00:00+00:00,1.3969785974759936,2.0811999530897256
2022-06-13 00:00:00+00:00,1.3377630776257015,1.9677610319076162
2022-06-14 00:00:00+00:00,1.3384506678178154,1.9769121091148278
2022-06-15 00:00:00+00:00,1.3804204300726701,2.0507625020117652
2022-06-16 00:00:00+00:00,1.323663608937014,1.9389143884714346
2022-06-17 00:00:00+00:00,1.3291427482230413,1.9701154005277373
2022-06-21 00:00:00+00:00,1.3900776115046003,2.0433605493857794
2022-06-22 00:00:00+00:00,1.3779987589599494,2.0278656025404467
2022-06-23 00:00:00+00:00,1.3928633062046722,2.045655927632756
2022-06-24 00:00:00+00:00,1.414098896920915,2.115108240565334
2022-06-27 00:00:00+00:00,1.4020583523488872,2.0984416886186095
2022-06-28 00:00:00+00:00,1.3646635258044593,2.028856361134518
2022-06-29 00:00:00+00:00,1.357646060510242,2.0148653826871037
2022-06-30 00:00:00+00:00,1.330257699114926,1.9793806172870951
2022-07-01 00:00:00+00:00,1.343257725425571,2.001209550513268
2022-07-05 00:00:00+00:00,1.365868970655373,2.0456762410373055
2022-07-06 00:00:00+00:00,1.401842134625742,2.0818989206223715
2022-07-07 00:00:00+00:00,1.4513840651987109,2.1543605476376357
2022-07-08 00:00:00+00:00,1.4561201678365145,2.1676615113274558
2022-07-11 00:00:00+00:00,1.416804658932964,2.0921850386864858
2022-07-12 00:00:00+00:00,1.421366838154687,2.0961194882927843
2022-07-13 00:00:00+00:00,1.418939175743584,2.1023351324524913
2022-07-14 00:00:00+00:00,1.4160677336448166,2.091235357195836
2022-07-15 00:00:00+00:00,1.468435644965119,2.1621793776576976
2022-07-18 00:00:00+00:00,1.4613291298292879,2.167719856669518
2022-07-19 00:00:00+00:00,1.4953829264828944,2.226734108573515
2022-07-20 00:00:00+00:00,1.5178015264686788,2.265667448483088
2022-07-21 00:00:00+00:00,1.5462303828414636,2.294075597944943
2022-07-22 00:00:00+00:00,1.5138467646972447,2.241731162925024
2022-07-25 00:00:00+00:00,1.5098805449589137,2.2278166486558297
2022-07-26 00:00:00+00:00,1.48542730342531,2.175399117951151
2022-07-27 00:00:00+00:00,1.5207270576357201,2.250625921079695
2022-07-28 00:00:00+00:00,1.5353539967905772,2.2561248303400943
2022-07-29 00:00:00+00:00,1.5652649864578494,2.302748456388265
2022-08-01 00:00:00+00:00,1.5663311216445268,2.3117596836055965
2022-08-02 00:00:00+00:00,1.5526146284466626,2.299888991440523
2022-08-03 00:00:00+00:00,1.6049608482466442,2.378046956890285
2022-08-04 00:00:00+00:00,1.5963801316283361,2.374222507648782
2022-08-05 00:00:00+00:00,1.597770019605867,2.340427613560278
2022-08-08 00:00:00+00:00,1.6163478449238777,2.3727603620632096
2022-08-09 00:00:00+00:00,1.6085715002765308,2.346033115912363
2022-08-10 00:00:00+00:00,1.6549949334657037,2.438373230214434
2022-08-11 00:00:00+00:00,1.6825344957861574,2.4525390483943847
2022-08-12 00:00:00+00:00,1.7026716572140583,2.4953589341066333
2022-08-15 00:00:00+00:00,1.6886164155969023,2.490954517256056
2022-08-16 00:00:00+00:00,1.7041833059787654,2.504914161901161
2022-08-17 00:00:00+00:00,1.683784007040123,2.4645832351112014
2022-08-18 00:00:00+00:00,1.6743712122644854,2.454152416892967
2022-08-19 00:00:00+00:00,1.6326482503410278,2.3924851075286346
2022-08-22 00:00:00+00:00,1.588554148557971,2.3245484822818394
2022-08-23 00:00:00+00:00,1.5715138941319013,2.3194594320138413
2022-08-24 00:00:00+00:00,1.579535595280113,2.3328502180742627
2022-08-25 00:00:00+00:00,1.6046487577181197,2.3689099406857705
2022-08-26 00:00:00+00:00,1.5526062326822567,2.291399486610614
2022-08-29 00:00:00+00:00,1.5440332195528945,2.270310475533031
2022-08-30 00:00:00+00:00,1.5327847430853128,2.2469595370013855
2022-08-31 00:00:00+00:00,1.5320386346487251,2.2568531287908176
2022-09-01 00:00:00+00:00,1.5284304506553938,2.256826405929118
2022-09-02 00:00:00+00:00,1.5193542989268036,2.2298561088361812
2022-09-06 00:00:00+00:00,1.521408673284662,2.2300632819030013
2022-09-07 00:00:00+00:00,1.535879127966129,2.265818552857443
2022-09-08 00:00:00+00:00,1.5895728117503403,2.3310906409091223
2022-09-09 00:00:00+00:00,1.6155378309767938,2.3853643702455534
2022-09-12 00:00:00+00:00,1.6552407339253141,2.425855515278706
2022-09-13 00:00:00+00:00,1.5919969121694697,2.3148679792939726
2022-09-14 00:00:00+00:00,1.6077172495620597,2.342190735957258
2022-09-15 00:00:00+00:00,1.6025018811647354,2.342038936482788
2022-09-16 00:00:00+00:00,1.5838740956147774,2.320097679042602
2022-09-19 00:00:00+00:00,1.5952310829323637,2.33994802858053
2022-09-20 00:00:00+00:00,1.5722052567616704,2.3050100978780774
2022-09-21 00:00:00+00:00,1.5352888310814081,2.2491937162750486
2022-09-22 00:00:00+00:00,1.5028644882030218,2.196072345587718
2022-09-23 00:00:00+00:00,1.483539498715003,2.156618495806568
2022-09-26 00:00:00+00:00,1.4741239832776614,2.1328757023227523
2022-09-27 00:00:00+00:00,1.4681347803890594,2.1329047102514473
2022-09-28 00:00:00+00:00,1.487779770219909,2.183060346122645
2022-09-29 00:00:00+00:00,1.4235854560317243,2.085120832150698
2022-09-30 00:00:00+00:00,1.4070077998180541,2.0683253981244047
2022-10-03 00:00:00+00:00,1.4278328217616243,2.0674102411649318
2022-10-04 00:00:00+00:00,1.5104413424093182,2.165225864632062
2022-10-05 00:00:00+00:00,1.5015659873023777,2.1406529924072863
2022-10-06 00:00:00+00:00,1.4968933427133415,2.1306104415816938
2022-10-07 00:00:00+00:00,1.434587237992705,2.038452492159124
2022-10-10 00:00:00+00:00,1.4091239336860908,2.0087097220379126
2022-10-11 00:00:00+00:00,1.396015452342664,1.9781536060819864
2022-10-12 00:00:00+00:00,1.3948283299949196,1.978725733658532
2022-10-13 00:00:00+00:00,1.444522061245118,2.0346817714478576
2022-10-14 00:00:00+00:00,1.3851601933637168,1.9391181015588177
2022-10-17 00:00:00+00:00,1.456363356404912,2.0373062457328457
2022-10-18 00:00:00+00:00,1.4904407733211926,2.0746282334130357
2022-10-19 00:00:00+00:00,1.475141640728717,2.0576008632423397
2022-10-20 00:00:00+00:00,1.4603197794914928,2.016242180142661
2022-10-21 00:00:00+00:00,1.5061105296331705,2.0654922609879116
2022-10-24 00:00:00+00:00,1.5089730942855675,2.063916338601954
2022-10-25 00:00:00+00:00,1.5658113025542477,2.1618754273486034
2022-10-26 00:00:00+00:00,1.5545376727681859,2.1489932237774747
2022-10-27 00:00:00+00:00,1.520764058147939,2.0552408150367163
2022-10-28 00:00:00+00:00,1.566834293351871,2.1029379465025944
2022-10-31 00:00:00+00:00,1.5565209294018656,2.074403034125698
2022-11-01 00:00:00+00:00,1.534959973917461,2.0612515898188004
2022-11-02 00:00:00+00:00,1.4872271871299958,1.9816442111584005
2022-11-03 00:00:00+00:00,1.4688731648670028,1.9579434155173914
2022-11-04 00:00:00+00:00,1.479630072543318,1.9642064566375845
2022-11-07 00:00:00+00:00,1.482363352105975,1.96937603143385
2022-11-08 00:00:00+00:00,1.4918517550159087,1.9714896971423588
2022-11-09 00:00:00+00:00,1.427080594817379,1.9020217702894355
2022-11-10 00:00:00+00:00,1.562242902121045,2.0815922227489496
2022-11-11 00:00:00+00:00,1.600122224849005,2.125834755515602
2022-11-14 00:00:00+00:00,1.580380690787896,2.0966023010514707
2022-11-15 00:00:00+00:00,1.59684706221239,2.11553332116762
2022-11-16 00:00:00+00:00,1.5640945469201317,2.0743353899829406
2022-11-17 00:00:00+00:00,1.5529124705571942,2.05471837484586
2022-11-18 00:00:00+00:00,1.5353531039877917,2.034700330787687
2022-11-21 00:00:00+00:00,1.5000880061417314,1.9799501427535684
2022-11-22 00:00:00+00:00,1.518221586700503,2.003230235903152
2022-11-23 00:00:00+00:00,1.5335078362753987,2.0450606579669373
2022-11-25 00:00:00+00:00,1.5213009086165326,2.0341994832954127
2022-11-28 00:00:00+00:00,1.482246633489426,1.9937686114455353
2022-11-29 00:00:00+00:00,1.4762625537026728,1.9940071998001536
2022-11-30 00:00:00+00:00,1.5593937018800186,2.1056792442877086
2022-12-01 00:00:00+00:00,1.5397873591914824,2.0911634798146963
2022-12-02 00:00:00+00:00,1.5316649681433312,2.0895938074646767
2022-12-05 00:00:00+00:00,1.4809863926935176,2.019535653076642
2022-12-06 00:00:00+00:00,1.4202528024193912,1.951421830625308
2022-12-07 00:00:00+00:00,1.4099046718648656,1.9335562522156005
2022-12-08 00:00:00+00:00,1.4202094670670975,1.9422278350104514
2022-12-09 00:00:00+00:00,1.4023471948311144,1.938196783334288
2022-12-12 00:00:00+00:00,1.3940226391261423,1.9106700247081831
2022-12-13 00:00:00+00:00,1.3925708410898017,1.91087956760476
2022-12-14 00:00:00+00:00,1.3731110006097604,1.8823123445679313
2022-12-15 00:00:00+00:00,1.331741278469357,1.8292158262178428
2022-12-16 00:00:00+00:00,1.3057099106015506,1.7932361960298442
2022-12-19 00:00:00+00:00,1.2943201767400763,1.7674835039197483
2022-12-20 00:00:00+00:00,1.2884794643408564,1.747856371368673
2022-12-21 00:00:00+00:00,1.3023378546765063,1.7636297863473045
2022-12-22 00:00:00+00:00,1.2662376300681013,1.7004488416508503
2022-12-23 00:00:00+00:00,1.2573979095043812,1.6912982602406652
2022-12-27 00:00:00+00:00,1.229013703294052,1.629904035994899
2022-12-28 00:00:00+00:00,1.2181419712948163,1.6255052695973367
2022-12-29 00:00:00+00:00,1.254289265440769,1.6902964634212325
2022-12-30 00:00:00+00:00,1.250278243795938,1.6907407517787305
