Date,AAPL,AMD,BAC,DFS,RIVN,TSLA
2021-11-11 00:00:00+00:00,-0.00033823139787603207,0.04389790236643787,0.0055052993844382225,0.009025781605689343,0.22098673448821748,-0.004157528824601631
2021-11-12 00:00:00+00:00,0.014337011542040035,0.012875864348618205,-0.012213344139537563,0.007932465368631014,0.05658996020295848,-0.02829310201599211
2021-11-15 00:00:00+00:00,6.669202686993003e-05,-0.009466454136603186,0.002984329522450979,-0.010549273775968926,0.14936517212724665,-0.01938224449936754
2021-11-16 00:00:00+00:00,0.0066664833189034045,0.04068531115835228,0.0006378155361379534,-0.00795394491858692,0.1516469858323941,0.04079376842602822
2021-11-17 00:00:00+00:00,0.0164902093618573,-0.007281079911916399,-0.012107178972021182,-0.015864892599599334,-0.1508051160456626,0.032501208284666294
2021-11-18 00:00:00+00:00,0.02853612205718914,0.02431616243966417,-0.004084949932427362,0.001126713647116917,-0.15533654366455774,0.006767610267700563
2021-11-19 00:00:00+00:00,0.016976012979911914,0.0025158004057526107,-0.019861816209949645,-0.009782675775945604,0.04230838844465157,0.03710391800920432
2021-11-22 00:00:00+00:00,0.0029274857547574307,-0.018595967579615014,0.019383095348473267,0.01564951060978137,-0.08157080089654278,0.017422122080461122
2021-11-23 00:00:00+00:00,0.002422144728830178,-0.017046984203271998,0.026361209500583405,0.03198758757297537,0.014732011301141545,-0.041352932727292124
2021-11-24 00:00:00+00:00,0.003283440058987175,0.05256139927331449,0.0027368727790042513,0.0010890758652308818,-0.04171881571679481,0.006284772484400847
2021-11-26 00:00:00+00:00,-0.03167827938618184,-0.018948069932440692,-0.03926096917697253,-0.04125516429453269,-0.023683075810540966,-0.030537595031082
2021-11-29 00:00:00+00:00,0.021873440756793983,0.04586271051925017,-0.003714944754876881,-0.01091052251980551,0.06813519643973365,0.050900227900227524
2021-11-30 00:00:00+00:00,0.03157766675741813,-0.021864050798921175,-0.024566798860725214,-0.048270335220868876,-8.344750034283699e-05,0.006833823403773698
2021-12-01 00:00:00+00:00,-0.00320645283621801,-0.058470637067229214,-0.014166939880700946,-0.0159481055268218,-0.03398463278411168,-0.04346763456194869
2021-12-02 00:00:00+00:00,-0.006129797725616837,0.010529086305433921,0.02887925418144688,0.037312826583117076,-0.04252749325363436,-0.00949773919092467
2021-12-03 00:00:00+00:00,-0.011724271692398092,-0.0442659841595372,-0.022722268571163107,-0.01289862256926222,-0.05506904991409445,-0.06419876077133224
2021-12-06 00:00:00+00:00,0.021502754995564644,-0.0343725931328136,0.006382659212106345,0.02972304673339843,0.11569696018151365,-0.005872086315763081
2021-12-07 00:00:00+00:00,0.035446172192584946,0.04163676575991748,0.01268407957470008,0.022162779167603786,-0.005137853060394604,0.04235837141187604
2021-12-08 00:00:00+00:00,0.022783209390842885,0.0026924361285129983,-0.01230175258914079,-0.0069943676431769575,0.05112758156139918,0.016363195584229162
2021-12-09 00:00:00+00:00,-0.002970028042046491,-0.04916000495458872,0.007472963743326622,0.01505550452287907,-0.055027850225717545,-0.06095644581905246
2021-12-10 00:00:00+00:00,0.02801310282268643,0.0032584860851119224,0.000674329549990027,0.01283729204500128,-0.006412459739903786,0.013179927022311633
2021-12-13 00:00:00+00:00,-0.020674115586920117,-0.03428365135600575,-0.02111407814499111,-0.03357031415964162,0.03697887430968816,-0.04977243020772948
2021-12-14 00:00:00+00:00,-0.008023173271103023,0.01345293729972119,0.012620447075810448,0.023748215822024576,-0.01480237269675222,-0.008174578197676419
2021-12-15 00:00:00+00:00,0.028509104366608584,0.08038343219662858,-0.004305469273269691,-0.004674055451294179,-0.018268733146651783,0.018236618133556703
2021-12-16 00:00:00+00:00,-0.03926392222830388,-0.053651881299328075,0.024123860804190933,0.006348365830852742,-0.053304323942764964,-0.050277132790258694
2021-12-17 00:00:00+00:00,-0.006501948946119551,-0.0064194993765622765,-0.024888800349971985,-0.01391287703962274,-0.10259948118436624,0.006095449446181567
2021-12-20 00:00:00+00:00,-0.008121745714978035,-0.014156057700487779,-0.016408513733566443,-0.039347895778330644,-0.0790173370772812,-0.03498927121736173
2021-12-21 00:00:00+00:00,0.01908675775724733,0.062223834744846274,0.02386462932762412,0.05062931203093002,0.07601684910765849,0.04288056302579579
2021-12-22 00:00:00+00:00,0.015318859763742587,-0.0025649574848353174,0.0020366296092839686,-0.002691680618838177,-0.0049576880649303545,0.07494705523716627
2021-12-23 00:00:00+00:00,0.0036437238741440225,0.01570749534430904,0.0031617337884668473,0.004178856476145576,0.0051899524497216465,0.05761886305530961
2021-12-27 00:00:00+00:00,0.02297507243439112,0.05624744255531566,0.004952753038756752,0.006762700685652767,0.10584469627855064,0.025248391499066658
2021-12-28 00:00:00+00:00,-0.005767378915014443,-0.007838861810590347,0.001343851449750355,-0.0004304748093636457,-0.039406048516368086,-0.005000275342793459
2021-12-29 00:00:00+00:00,0.0005020510220163921,-0.03192947818825009,-0.0015657378972574465,-0.0025845228560227307,-0.034315216432797224,-0.0020947102761840197
2021-12-30 00:00:00+00:00,-0.006578202241634412,-0.020976667513691094,-0.002240775379650617,0.0005182158283751903,0.041071089002028494,-0.014592268383646134
2021-12-31 00:00:00+00:00,-0.003535331030636635,-0.008611781278416442,-0.0008981756084485149,-0.002331044805899185,0.0026107549530203222,-0.012668840823859995
2022-01-03 00:00:00+00:00,0.025004118021176858,0.04405845632794425,0.03798590892039555,0.026652769810160626,-0.0093548191519357,0.1353166841897706
2022-01-04 00:00:00+00:00,-0.012691672596445658,-0.03873806650308964,0.039194659148279465,0.03084969803798021,-0.012947836986460515,-0.041832696836128
2022-01-05 00:00:00+00:00,-0.026599777992846074,-0.05726356721585413,-0.016878520955848186,-0.01357325562769307,-0.11223983945087024,-0.05347121367683638
2022-01-06 00:00:00+00:00,-0.01669335094276858,0.0005876006951239798,0.020135775501319397,0.018070265124853657,-0.029774472187208634,-0.02152337383085412
2022-01-07 00:00:00+00:00,0.000988501802575481,-0.03105039903252349,0.02181564380642409,0.02336759234629837,-0.012023394363246509,-0.035446567451716815
2022-01-10 00:00:00+00:00,0.0001161106028706449,0.0,-0.0050833291741496645,0.014559630564383808,-0.05609638857635213,0.03034195341380186
2022-01-11 00:00:00+00:00,0.016783735018269796,0.04022725423177076,0.005722524984455468,0.008312336919259034,0.025908651118590642,0.005935024657598653
2022-01-12 00:00:00+00:00,0.0025701739878905006,0.0011652732135625232,-0.007112288206987394,-0.006066211736172389,0.03506882343691475,0.039289748931841784
2022-01-13 00:00:00+00:00,-0.019027959909292513,-0.03440747570770164,-0.0020466986346941995,0.012519491265069238,-0.07134604022705737,-0.06749107331435766
2022-01-14 00:00:00+00:00,0.005110705226523127,0.031188784227236255,-0.017432491438604814,-0.014373885517386054,-0.004482637545704216,0.017497758575059086
2022-01-18 00:00:00+00:00,-0.018894278210632054,-0.03616315042704099,-0.034439608321132575,-0.029951512903972355,-0.08492799931597872,-0.01819724123253097
2022-01-19 00:00:00+00:00,-0.02102457240220612,-0.027741898025528955,0.0038911707318372013,-0.04219194337925747,-0.05139423111015817,-0.0338278969185718
2022-01-20 00:00:00+00:00,-0.010347181884286849,-0.04973886856088816,-0.014857896210565658,-0.014346103274503808,-0.06311246090072808,0.0006227038828787723
2022-01-21 00:00:00+00:00,-0.01276503718854316,-0.025268700028529656,-0.01814194695404092,-0.02011989679356352,-0.007843656308313962,-0.05256606712507206
2022-01-24 00:00:00+00:00,-0.0048644205465881996,-0.019190293966401595,-0.008236996094730165,0.007776237905188443,-0.009455907458557844,-0.014726129872195681
2022-01-25 00:00:00+00:00,-0.011384654446921383,-0.04634001186343695,0.01975311076183406,0.02687727878256263,-0.06713616295908742,-0.012473124842489969
2022-01-26 00:00:00+00:00,-0.0005633540883307475,-0.0037793411259388066,0.010345483099718278,-0.010300619709115333,0.011071965117502414,0.02069905258271132
2022-01-27 00:00:00+00:00,-0.0029431545313944873,-0.07325445467815028,-0.009368182661631974,-0.03412385126158146,-0.10502740638753871,-0.11554175561970448
2022-01-28 00:00:00+00:00,0.06977763535080705,0.025730988585875414,0.008797159979367475,0.004592789572287481,0.05895440092950177,0.020805692766870276
2022-01-31 00:00:00+00:00,0.02612557407737892,0.08561385708021096,0.005886201828025461,0.017671865107122597,0.15091034826810934,0.10677611383930952
2022-02-01 00:00:00+00:00,-0.0009726016664222126,0.02214440944679974,0.017338296045235513,0.019611194863073278,0.05902045952074553,-0.0058395266373975074
2022-02-02 00:00:00+00:00,0.0070444377257565804,0.05120742780820908,-0.0010650768048919845,-0.004744887221409311,-0.07612759038591121,-0.02747919159891432
2022-02-03 00:00:00+00:00,-0.016719785389540665,-0.021831217485657084,-0.009810029487163252,-0.012940568557199716,-0.06156715023727388,-0.016032495024879134
2022-02-04 00:00:00+00:00,-0.0016793210742237497,0.029313762403325283,0.0398448523716779,0.011126500153402219,0.0084492762819115,0.03611110968421327
2022-02-07 00:00:00+00:00,-0.004234565646144994,0.0005663405800031551,0.004763882030794031,0.010150848817862546,-0.04123539289596445,-0.01730718642133755
2022-02-08 00:00:00+00:00,0.018466617478897884,0.03687230230540117,0.017934405061984515,0.03833818677214329,0.044379714282053895,0.0161571905234128
2022-02-09 00:00:00+00:00,0.008293789841575805,0.03602909248935071,-0.002024979709472241,0.015370802738492895,0.05873663612050728,0.010845920427172029
2022-02-10 00:00:00+00:00,-0.02359885479066115,-0.053293256568859526,-0.004667378484364715,-0.0006407033429297604,0.0029444048504647657,-0.029452771017468238
2022-02-11 00:00:00+00:00,-0.020218408303950275,-0.10010333683653394,-0.023037617134344934,-0.005049361410247255,-0.09069843380510156,-0.04925102969626416
2022-02-14 00:00:00+00:00,0.0014232544307013484,0.00963064441554673,-0.010434062945975375,0.00016115758277290837,0.06457099660637788,0.01832566437213501
2022-02-15 00:00:00+00:00,0.023152336938293105,0.06300870560210692,0.007802652496750051,0.027142440085292874,0.05810054750190008,0.053290764282768466
2022-02-16 00:00:00+00:00,-0.0013888024852689584,-0.031118784401992894,-0.002301835971855737,-0.0016531482662678343,-0.0006034230649403227,0.0010407532409399955
2022-02-17 00:00:00+00:00,-0.02126917196259548,-0.0452034971914701,-0.03376664072561486,-0.02949052344511016,-0.022792485075176838,-0.05094269900666093
2022-02-18 00:00:00+00:00,-0.00935586087007878,0.012992783205365344,-0.0023880410312189237,0.005930984369560077,0.02517770986403911,-0.022103035296720752
2022-02-22 00:00:00+00:00,-0.01781217104379973,0.015988752223033753,-0.008702924281513313,-0.014538337899476339,-0.05996690059107401,-0.04136624223452856
2022-02-23 00:00:00+00:00,-0.025864241036488766,-0.05092952280100438,-0.017120355933739506,-0.016310124619680066,-0.07789710943895156,-0.06997917599526948
2022-02-24 00:00:00+00:00,0.01668026522609667,0.06240887701167419,-0.02635109649193157,-0.01458108767427202,0.10742222208076524,0.04807345500262783
2022-02-25 00:00:00+00:00,0.012965401769462037,0.038161366306065814,0.03256883817359424,0.048533119236278566,-0.004394895358978523,0.011364031324829549
2022-02-28 00:00:00+00:00,0.0016377848647293192,0.018833626509808354,-0.01821420154111475,-0.004596372321278297,0.06511110253109953,0.07477746853358713
2022-03-01 00:00:00+00:00,-0.011627916793498172,-0.07710389808009444,-0.0391401174247169,-0.0773656033545026,-0.08362933563284225,-0.006962143345558558
2022-03-02 00:00:00+00:00,0.020588229153003956,0.03909335743354214,0.0162467779862161,0.019580288798675793,-0.13487317872235682,0.01795529711451649
2022-03-03 00:00:00+00:00,-0.0019812275780927147,-0.053263404526395663,-0.010710143290107,-0.013348041927181864,-0.049477249027861214,-0.04614210448825773
2022-03-04 00:00:00+00:00,-0.01840827668023748,-0.03188068929990051,-0.03624399121884481,-0.037968137631895216,-0.06914163166988507,-0.0011915196265851469
2022-03-07 00:00:00+00:00,-0.023717534148762986,-0.05036441776060496,-0.06373622778311094,-0.08047550056091868,-0.10466341313260463,-0.04021280504200253
2022-03-08 00:00:00+00:00,-0.0116761621493644,0.025060727610820344,0.006520684863147164,0.01904296464379618,-0.0051850393382224524,0.02463394210323222
2022-03-09 00:00:00+00:00,0.034997637395324466,0.052307441829932744,0.06348787492634278,0.03601862643226528,0.04122249979168724,0.04193357517885765
2022-03-10 00:00:00+00:00,-0.0271862188838089,-0.04133276759250393,-0.009015664920590583,-0.02056072681937926,-0.0634812483980659,-0.024063755330148706
2022-03-11 00:00:00+00:00,-0.023908778645421624,-0.020383225508235125,-0.0083597920477122,-0.0031489678834862866,-0.07555881005541598,-0.0512345859010529
2022-03-14 00:00:00+00:00,-0.026562346873023945,-0.019560848572431233,0.021572048978520275,0.04106457680163089,-0.05834421683361268,-0.036436802368687404
2022-03-15 00:00:00+00:00,0.029677248317054206,0.0692420716973563,0.007281542328717361,0.014067653465039243,0.032654147618023543,0.046348355546253384
2022-03-16 00:00:00+00:00,0.029015244221234804,0.055245594204423654,0.03132518831127107,0.034998643212407865,0.12378383327174824,0.047812040425278646
2022-03-17 00:00:00+00:00,0.006454157622758139,-0.031897375553150975,0.005373840159844656,-0.004643108871249857,0.0132274942963031,0.037335010469022656
2022-03-18 00:00:00+00:00,0.020919029779933096,0.01584740446214039,-0.003021033034770748,0.01953880130289165,0.08236404742538728,0.03876779427650434
2022-03-21 00:00:00+00:00,0.008537654914840154,0.02168164202646561,-0.0013988849101050915,-0.032026823675327054,-0.04473678002396897,0.017417963888751054
2022-03-22 00:00:00+00:00,0.020800389463506264,-0.00983436342008015,0.031279393826768365,0.023276446998647282,0.0773645276777033,0.07905243778179138
2022-03-23 00:00:00+00:00,0.008233707297770065,-0.007492599925926102,-0.02467183850319743,-0.03564581555888524,-0.02258686056676018,0.005161136057840299
2022-03-24 00:00:00+00:00,0.0226778662645708,0.05802318044764032,-0.00046401776823090657,0.011296847983250702,0.060824089393819,0.014823128420135223
2022-03-25 00:00:00+00:00,0.0037341076857395628,-0.007135158210084369,0.015323773006571395,0.012064341996682826,-0.05137690110644255,-0.003234937980317265
2022-03-28 00:00:00+00:00,0.005036763783526688,0.004763096043667758,-0.004116161559551412,-0.01739512430495116,-0.0038994866934747296,0.0803450783611821
2022-03-29 00:00:00+00:00,0.019134212307848397,0.024866978927858163,-0.0025256568297548077,0.02713877677644727,0.17181386699715206,0.007079858095940583
2022-03-30 00:00:00+00:00,-0.006649384918696155,-0.03254079385696007,-0.010129053969998414,-0.008836357898238334,-0.034706806041409854,-0.00507475414515135
2022-03-31 00:00:00+00:00,-0.01777571726280358,-0.0828720414498435,-0.041395225214236886,-0.02736338280900097,-0.03403185349332327,-0.014981813142339484
2022-04-01 00:00:00+00:00,-0.0017183293520476317,-0.010517595893551834,-0.007763275491437738,-0.0006352891482757084,-0.0756370008917917,0.006486599368272561
2022-04-04 00:00:00+00:00,0.023693533235209285,0.021628581986195217,-0.0017115720466668316,0.006356782547219719,0.0019379878391325711,0.05611341298759176
2022-04-05 00:00:00+00:00,-0.018941914494511103,-0.03356553990270705,-0.016899364227998315,-0.0006317508067182898,-0.09327316282928722,-0.047308971544201106
2022-04-06 00:00:00+00:00,-0.01845090310205677,-0.02948887413291701,-0.010961584743188535,-0.002257344119097837,-0.04953781039624838,-0.041694894294368345
2022-04-07 00:00:00+00:00,0.0018040910699115287,0.00048232905026512896,-0.007808638456767603,-0.012126691687153635,-0.0029924921808216487,0.010996816105212748
2022-04-08 00:00:00+00:00,-0.011908827033040081,-0.02622446190407679,0.007108531461395895,0.022077807833400742,-0.0295147653498391,-0.03004944796541842
2022-04-11 00:00:00+00:00,-0.025516016354291238,-0.03594056686552449,-0.002016702821654115,-0.0035853214843114545,0.018041257131542254,-0.048328086073804455
2022-04-12 00:00:00+00:00,0.011523447319341074,-0.02331317868367444,-0.010608724074539166,0.005936993726183948,-0.03417717656002772,0.011291813566499442
2022-04-13 00:00:00+00:00,0.01634272109110002,0.027760246393346177,-0.008935518213025628,0.00751116193024548,0.07863695622567568,0.03588835603591267
2022-04-14 00:00:00+00:00,-0.029988402335603626,-0.047882140448772925,-0.032199765230651045,-0.004348852241325973,-0.013608781349347843,-0.03655231880843268
2022-04-18 00:00:00+00:00,-0.0013309356562938301,0.008918996914137,0.03406954028886977,0.03788545362979079,-0.058142414424235844,0.019583733431163042
2022-04-19 00:00:00+00:00,0.014115197025270199,0.03237832501107163,0.018532899315959916,0.019926225245160634,0.024064922695752777,0.023758093445249484
2022-04-20 00:00:00+00:00,-0.0010155754258135419,-0.030021702805606898,0.0022744987849692144,0.0005894264831787233,-0.07458497751813364,-0.04955503671370076
2022-04-21 00:00:00+00:00,-0.004843706728636321,-0.044352247583842375,-0.01891066253749052,-0.019272859083195093,-0.06817557968289889,0.03231684066245499
2022-04-22 00:00:00+00:00,-0.027821206109902574,-0.019031709666252006,-0.034695450717108,-0.035698781970997406,-0.004443060386231323,-0.003697576672395231
2022-04-25 00:00:00+00:00,0.006737273337193317,0.0289312805697306,-0.007188541833417994,0.0024027179853287617,0.0086284114924422,-0.006994645387893739
2022-04-26 00:00:00+00:00,-0.037328237785148266,-0.060976939358555415,-0.022526113109028856,-0.028853151577051483,-0.09498528247100546,-0.12184121881948873
2022-04-27 00:00:00+00:00,-0.0014665166761694826,-0.0029356504139188555,-0.005487146920053698,-0.0217569829485893,0.01760101052175056,0.005807678470473254
2022-04-28 00:00:00+00:00,0.045155534046623425,0.055705988971118,0.015448330384097764,0.08382407310903806,0.030749551983835,-0.004537702888526063
2022-04-29 00:00:00+00:00,-0.03660483780513146,-0.04596165522796514,-0.030697933822578016,-0.030350098094766742,-0.060285907882530076,-0.007692220213591394
2022-05-02 00:00:00+00:00,0.0019663617924918775,0.05051449794665608,0.012891935762872286,0.007291454266911801,0.04960317497861322,0.03695628471433299
2022-05-03 00:00:00+00:00,0.00962257856826132,0.014358870971850957,0.027393719374050995,0.020127124640690663,0.007876496591140203,0.006988279761963367
2022-05-04 00:00:00+00:00,0.04100847534583907,0.09096895825064255,0.04012923572748073,0.043440650818133975,0.060331303896089095,0.04769864576468552
2022-05-05 00:00:00+00:00,-0.055716283848258885,-0.055823732896596145,-0.027964745649129874,-0.04262721523363,-0.09463441207999523,-0.08328615317548016
2022-05-06 00:00:00+00:00,0.004727026659327782,0.0156598865270845,-0.0023972760363469847,-0.038375021156051736,-0.06252029391678127,-0.008737180698190294
2022-05-09 00:00:00+00:00,-0.0331888876006875,-0.0941891763422501,-0.02883862275191118,-0.03369069813916281,-0.20875304056140043,-0.09072948807249681
2022-05-10 00:00:00+00:00,0.01611184298319568,0.027443292378786177,-0.016772134306005326,-0.019203811614045052,0.00043899159703264523,0.016427173986372612
2022-05-11 00:00:00+00:00,-0.05184122431374438,-0.009128875885757393,-0.005313287009792278,-0.005512750274719425,-0.09609479798509002,-0.08254582843646041
2022-05-12 00:00:00+00:00,-0.026894331729450105,-0.009781626800071108,-0.014056618290473,-0.03134867665160013,0.17961159160555518,-0.008174386751047313
2022-05-13 00:00:00+00:00,0.031916458637782474,0.09257989218944873,0.002851707594447639,0.03502711184506069,0.09876549799304524,0.05712909369145702
2022-05-16 00:00:00+00:00,-0.010672375870497408,-0.00925152289111053,-0.010236211236023474,-0.01811252076205494,-0.06891386142362499,-0.05875856161837267
2022-05-17 00:00:00+00:00,0.025422769697434067,0.0873302583137856,0.03389829315163739,0.04805824948146609,0.10579240129509437,0.05141017778952928
2022-05-18 00:00:00+00:00,-0.056419174746893064,-0.06040794737646216,-0.030842138176692346,-0.026401085017092707,-0.007275331293416176,-0.06801379812405906
2022-05-19 00:00:00+00:00,-0.024641379888278636,0.0040506792126413504,-0.0123277125206811,-0.009704928708649363,0.08501281117598625,-0.0005494634476534976
2022-05-20 00:00:00+00:00,0.0017471772772366112,-0.03279195437042692,-0.017126322942271233,-0.0024981680205169443,-0.02330295575260455,-0.06416505716141863
2022-05-23 00:00:00+00:00,0.04011914849227627,0.016791440586355177,0.05936223329150736,0.041321596814552164,-0.0321576868161253,0.01656871415985961
2022-05-24 00:00:00+00:00,-0.0192158655904211,-0.041127548598569263,-0.0061334009293080305,-0.03413192634642159,-0.05216145396253902,-0.06925464690507588
2022-05-25 00:00:00+00:00,0.0011400267056709268,0.01634486401835078,0.00532956633496906,0.037083330159120464,0.02713906124084353,0.04877737911795821
2022-05-26 00:00:00+00:00,0.023199309850827188,0.06583916215497587,0.023158467705814312,0.028884595564466986,0.07266053366004877,0.07427138936829314
2022-05-27 00:00:00+00:00,0.04075674423222608,0.03554432543018193,0.009544703167049917,0.012818291771567347,0.05918575331267251,0.07333306253742577
2022-05-31 00:00:00+00:00,-0.0053460172564194774,-0.003911612727584557,0.00486211878085796,0.011497272275029946,0.014211903975096973,-0.001803563389055185
2022-06-01 00:00:00+00:00,-0.000873381412780927,-0.006283127683227141,-0.014247309791282525,-0.020177968447194994,-0.0366241921178756,-0.02359349020027357
2022-06-02 00:00:00+00:00,0.01681135038378656,0.07281164817532204,0.006582611523997972,0.014118642640864154,0.05586778624983868,0.04677398003874078
2022-06-03 00:00:00+00:00,-0.03855574150684371,-0.0210884369035913,-0.013896587574772856,-0.02208035551855736,-0.054790230768279935,-0.09219359988526965
2022-06-06 00:00:00+00:00,0.005227449423413466,-0.006114783699135207,-0.001105043924570226,0.006528950441303305,-0.040079528665667774,0.0160472016783606
2022-06-07 00:00:00+00:00,0.01758609774365194,-0.0035021556198595594,0.005532455442921691,0.019819774099246734,0.02553484412722873,0.0025460558898939833
2022-06-08 00:00:00+00:00,-0.005043415515431859,-0.032104837505779305,-0.012654915625702534,-0.024911782015758166,0.0026917875354763865,0.012474516432601446
2022-06-09 00:00:00+00:00,-0.03595565329356731,-0.030421966905798348,-0.038450666452418125,-0.03850327639700013,-0.03120800072607255,-0.008930555308462429
2022-06-10 00:00:00+00:00,-0.0386288357221638,-0.040283433542492975,-0.03882940200520213,-0.07528492868760184,-0.017665404019966746,-0.031190911234383223
2022-06-13 00:00:00+00:00,-0.038284716745857206,-0.08257753486875508,-0.03466986182671428,-0.06399026075698211,-0.05465448205397505,-0.07102153990705962
2022-06-14 00:00:00+00:00,0.0066726187844474705,0.0,-0.017489109854250118,-0.00021797291688707698,0.018276754228981895,0.023887157055640484
2022-06-15 00:00:00+00:00,0.020111525921866713,0.02655483670209824,0.018753974879247348,0.03092366411073355,0.06520149217546889,0.05482367080362738
2022-06-16 00:00:00+00:00,-0.03965137541757702,-0.08118700730388484,-0.0062401964321839865,-0.05439392244924124,-0.09147179691853002,-0.08540769912654234
2022-06-17 00:00:00+00:00,0.011532997782683019,-0.005850132103356609,0.0021978789858911885,0.05461857555121297,-0.006813031970325012,0.017174980283869212
2022-06-21 00:00:00+00:00,0.032760867720025955,0.02721590326111012,0.029135245312402525,0.0006355908661592746,0.1078506077892949,0.0935443480214786
2022-06-22 00:00:00+00:00,-0.003827241187680963,-0.0004773948572655007,-0.007610563090923339,-0.0048688854481494515,-0.017543867706769856,-0.004007805884153504
2022-06-23 00:00:00+00:00,0.021573833178537116,-0.0157611903859608,-0.015950724816064632,0.0008510026835684137,0.031862740351143115,-0.004306310889948484
2022-06-24 00:00:00+00:00,0.02451685356811084,0.05641151896959218,0.007169673041362179,0.05387882588069792,0.001018007714439051,0.04524889345059324
2022-06-27 00:00:00+00:00,0.0,-0.010564976453838582,0.0012378075640695485,-0.005445188735075601,-0.03593218528618247,-0.0032016505127857586
2022-06-28 00:00:00+00:00,-0.0297895751171654,-0.06244202244827046,-0.0027819534524494705,-0.013383436153598494,-0.05098455470150365,-0.0500435578248114
2022-06-29 00:00:00+00:00,0.013023907133879575,-0.03453826389809744,-0.01239927579094624,-0.017675389383968065,-0.026676521654696694,-0.01793718238090891
2022-06-30 00:00:00+00:00,-0.018027667350613452,-0.01948963565458084,-0.022912834375351188,-0.010566074565849015,-0.02017513046859787,-0.017579227799377373
2022-07-01 00:00:00+00:00,0.01616436884005723,-0.036615705597762616,0.013813088474711632,0.032882348800150174,-0.0015539630355239087,0.012429131666979787
2022-07-05 00:00:00+00:00,0.018930471972664176,0.02076827497386624,-0.010139459552251595,0.002866282529456532,0.045136179493227235,0.025535704813974602
2022-07-06 00:00:00+00:00,0.009607318579837765,0.0019947012229555305,-0.008322592924148275,-0.0029601562669904213,0.10424419856421951,-0.005720802000385383
2022-07-07 00:00:00+00:00,0.023999355896297647,0.05242209233744499,0.028405442995717678,0.020475011339891935,0.0664193972855458,0.055279044880592876
2022-07-08 00:00:00+00:00,0.004714600339021713,0.0006304592741395165,-0.0021971892065255627,0.005316933181282124,0.011381619345665506,0.02543516968760029
2022-07-11 00:00:00+00:00,-0.014757762908940375,-0.030245766503217197,-0.01038056691747713,-0.007085012009962366,-0.06439510724230235,-0.06548005948146851
2022-07-12 00:00:00+00:00,0.006833690124340874,-0.00766726915255711,-0.0031786124596573373,0.003316461729209408,0.007350461447086953,-0.005433611636988744
2022-07-13 00:00:00+00:00,-0.0025366780767520636,0.015191147504490576,-0.01658168518206271,-0.001702710415539932,0.020232192970797147,0.017033448479672808
2022-07-14 00:00:00+00:00,0.020482698100280583,0.01393191276861705,-0.02302215003904251,-0.0035120500836206547,0.002275672766689052,0.005371861218914864
2022-07-15 00:00:00+00:00,0.01144996340470228,0.03193387003762971,0.0703619840428833,0.04732651299741031,0.02497568795553562,0.0073572315408600986
2022-07-18 00:00:00+00:00,-0.02064326836712338,0.003945255731922392,0.00031004337144091565,0.012018041494692877,0.006329077632166724,0.001999426810217919
2022-07-19 00:00:00+00:00,0.02672195281285572,0.054648126385421936,0.03378777789268961,0.033821102505745104,-0.002830193545508064,0.020716718219316865
2022-07-20 00:00:00+00:00,0.013509950759865497,0.04133678580918354,0.00030018245369634045,0.00900566761744992,0.0324819496604305,0.008023464466653252
2022-07-21 00:00:00+00:00,0.015094177163303746,0.018561959376609538,0.008692695976905584,-0.08925318828326156,0.042455690848746785,0.09780470722853529
2022-07-22 00:00:00+00:00,-0.008110861818766857,-0.03282465675680113,-0.006537714709136999,0.0,-0.04834460809379704,0.0019752262198982073
2022-07-25 00:00:00+00:00,-0.007398200715991843,-0.006356385565185252,0.008973838140227341,0.00019998781349483963,-0.009544377391012437,-0.013994935471540293
2022-07-26 00:00:00+00:00,-0.008826448503957085,-0.02615948014139391,-0.020159805154312815,-0.01659671854793665,-0.014920660932802088,-0.0356637312112531
2022-07-27 00:00:00+00:00,0.034234859775098325,0.05360703454339255,0.016338676992462497,0.019621915683436297,0.010097752669069315,0.061655036992220635
2022-07-28 00:00:00+00:00,0.003571676236545418,0.020596732135456763,-0.008038068532450704,-0.008076487630775953,0.05732592925303304,0.02212352234272652
2022-07-29 00:00:00+00:00,0.0327931356643989,0.030544377742841133,0.014705909239888904,0.015279249898084046,0.013443581029599638,0.05784976985791013
2022-08-01 00:00:00+00:00,-0.006153392845824279,0.024452180890705,-0.0029576194466781613,0.01207911168515774,0.01486886727622494,0.00042631152414229767
2022-08-02 00:00:00+00:00,-0.009287428809242937,0.025935132960214657,-0.01987550715686559,-0.020152492201852112,0.005745387542433145,0.011134400598203698
2022-08-03 00:00:00+00:00,0.03824765613491632,-0.012085855237907062,0.018159774077148638,0.025958657854830314,0.04513001733230282,0.02265568716125621
2022-08-04 00:00:00+00:00,-0.0019261863781291355,0.05933334225205367,-0.007134363493674023,-0.0038927200441193355,-0.011205243118401875,0.004023022853486102
2022-08-05 00:00:00+00:00,-0.0013892695113827402,-0.01539799872126335,0.016766628343801715,-9.784614690777627e-05,-0.014096244663588609,-0.0663030068235908
2022-08-08 00:00:00+00:00,-0.0029028060177951343,-0.021894222629481264,-0.013839661649987844,0.0051784680193938115,0.06784418581073703,0.007819434052879659
2022-08-09 00:00:00+00:00,0.0003032383551835327,-0.04526830012103189,0.01283926749798825,-0.00972001886785201,-0.036492501551066536,-0.024412625864385085
2022-08-10 00:00:00+00:00,0.026194586106322415,0.03673856083938998,0.03390334496823977,0.059874195382622286,0.01907358987431773,0.03890581776676605
2022-08-11 00:00:00+00:00,-0.004431398738824588,-0.009389200166806777,0.02395224004491392,0.004908466182982796,0.04144382817706638,-0.026249292544206493
2022-08-12 00:00:00+00:00,0.021425397161797033,0.027619231640992448,0.010860419162326718,0.010045065123197361,-0.0012836774346900448,0.046750143628413676
2022-08-15 00:00:00+00:00,0.006333545995118595,0.0017851859754736132,-0.0013773707088485798,-0.007025487790483065,-0.041645313188594546,0.03096359891583922
2022-08-16 00:00:00+00:00,-0.0009238002568876524,-0.008019059210550683,0.010758556188046331,0.015069419709913268,0.025482853917555115,-0.008912075793144236
2022-08-17 00:00:00+00:00,0.008784618977026426,-0.019261480678215093,-0.006277377554116059,-0.017651943283741756,-0.04734505349107665,-0.008372333511224461
2022-08-18 00:00:00+00:00,-0.0022916388496094786,0.022082078685945916,-0.00357038962522338,-0.00046071650005385933,-0.014277777847605644,-0.0037062197211366055
2022-08-19 00:00:00+00:00,-0.015101874664098291,-0.04470335906038436,-0.022050640991125303,-0.014381798793653533,-0.04038999167992252,-0.020481852686155544
2022-08-22 00:00:00+00:00,-0.023029377676697216,-0.032412722347757605,-0.02142056364036371,-0.03357963644027828,-0.040348312303777,-0.022764022407583906
2022-08-23 00:00:00+00:00,-0.002029201477512288,-0.0037699104688380114,-0.008928641403297854,0.012872546433487786,-0.025710896960369545,0.0225584954757323
2022-08-24 00:00:00+00:00,0.0017939386595628992,0.002594934573547869,0.003196747567532965,0.0032676983941837268,0.010866261992136694,0.002170125887066332
2022-08-25 00:00:00+00:00,0.014922749118742251,0.047988749996194846,0.017960626883656294,0.019063059287523387,0.010442264688194758,-0.003455684406709514
2022-08-26 00:00:00+00:00,-0.03769926104085408,-0.06174109879767553,-0.031587925690153784,-0.034592956903573224,-0.02401218476862177,-0.026953121859416895
2022-08-29 00:00:00+00:00,-0.01369031824824185,-0.029502110467239717,-0.0038201560357021824,-0.01645575307150693,0.006228612866328476,-0.01135058160727187
2022-08-30 00:00:00+00:00,-0.015305292356905142,-0.017516052206821175,0.0056047619421286665,-0.0013859150642040463,-0.012999132336458885,-0.0249982267189629
2022-08-31 00:00:00+00:00,-0.010635169107780618,-0.023809519630728193,-0.014080195551950836,-0.0037671947469286593,0.025713380699856403,-0.007526203685978228
2022-09-01 00:00:00+00:00,0.004706832131926797,-0.029928135187077487,0.002395750592291579,-0.004477983427812138,-0.023234434203759147,0.005623955563764049
2022-09-02 00:00:00+00:00,-0.013610926991892591,-0.025385690766459024,-0.001195042481358266,-0.005098020468442321,0.003755835024078058,-0.02507581222110289
2022-09-06 00:00:00+00:00,-0.008215169316685533,-0.01894312915669616,-0.011067987471045426,-0.020496493205136468,0.0358591062308149,0.015580556255471167
2022-09-07 00:00:00+00:00,0.009253903759520732,0.011305886380174046,0.0154262880233198,0.025130782146250308,0.0009030336602811051,0.03381677109982606
2022-09-08 00:00:00+00:00,-0.009617861335038724,0.03981909489563695,0.03217178122337838,0.011106706714647308,0.10917296445459357,0.01959815762903916
2022-09-09 00:00:00+00:00,0.018839870053863006,0.03225414602945209,0.00836925271044442,0.014547221175349234,0.01816697802442757,0.03602289482946186
2022-09-12 00:00:00+00:00,0.038507839498636454,-0.009479199385862724,0.009444958566295236,0.007510888169707464,0.031691144223293666,0.01581694096302666
2022-09-13 00:00:00+00:00,-0.05867967171114585,-0.08991021579901237,-0.036008076278505774,-0.04627751265458391,0.0005161755859581785,-0.04037188096320543
2022-09-14 00:00:00+00:00,0.009555535431851947,0.005452397450357971,-0.00382336048454468,0.005481684180996149,0.034571728860046225,0.03587437200418364
2022-09-15 00:00:00+00:00,-0.018929884495434646,-0.010200042830998957,0.01889570049344469,0.018778311243323076,-0.010224435486617445,0.003767273730617582
2022-09-16 00:00:00+00:00,-0.010960081042524439,-0.001956711697276514,-0.01130115637455742,0.0,-0.010833971278759846,-0.0013168523341049454
2022-09-19 00:00:00+00:00,0.02508303516378274,0.003398176703393707,0.016705843065942805,0.012486311798289629,-0.03362200079616995,0.018856110452001085
2022-09-20 00:00:00+00:00,0.015665280784798785,-0.019799357946223006,-0.014990060941646566,-0.01840051320096059,-0.05772268597730712,-0.0011000625419275156
2022-09-21 00:00:00+00:00,-0.02026767099069371,-0.01023251352912169,-0.02985046429253746,-0.024130070960583838,-0.018181860863745625,-0.025685948599634356
2022-09-22 00:00:00+00:00,-0.006375060962462431,-0.06686362959823888,-0.019607824045393185,-0.02963114551478052,-0.05042725698040729,-0.040591728559117746
2022-09-23 00:00:00+00:00,-0.015123876119431334,-0.02215828655435026,-0.02369235769402467,-0.013056724862629876,0.00690067595562005,-0.04594757245188685
2022-09-26 00:00:00+00:00,0.0022603063913846366,-0.024426074971712564,-0.02206118856521022,-0.028592755341103393,0.008641152829656162,0.0024698479153155706
2022-09-27 00:00:00+00:00,0.006566074343528294,0.013122097694449941,-0.014824526313592767,-0.000549315981305476,-0.0017724538049719296,0.02510775852537339
2022-09-28 00:00:00+00:00,-0.01265130610378118,0.017716279199727847,0.01635614131191887,0.028351747693200924,0.03817700149675218,0.017212112374233923
2022-09-29 00:00:00+00:00,-0.04911926664702049,-0.06173202432745595,-0.013196102215868422,-0.023081885885016584,-0.07896238064935102,-0.06810050474193607
2022-09-30 00:00:00+00:00,-0.03003926030455628,-0.012160879119415102,-0.015003163547510634,-0.005469260458311531,0.018570054120055968,-0.011036096899372572
2022-10-03 00:00:00+00:00,0.030752642579961353,0.04340277735967568,0.029470061271435144,0.03266603634023402,-0.030993633014066435,-0.08614516909902215
2022-10-04 00:00:00+00:00,0.025623016337254834,0.027076098910927326,0.041492535531446606,0.03738422550869336,0.13828786239624713,0.029042940273044104
2022-10-05 00:00:00+00:00,0.002053284546990941,0.0005891150902566089,-0.01420626886090115,-0.007392207139978346,-0.004683145248437159,-0.034597517632881325
2022-10-06 00:00:00+00:00,-0.006625768113835084,-0.0013247566095214713,-0.014411121735783516,-0.014067025993363513,0.01743695640169629,-0.011129075632041241
2022-10-07 00:00:00+00:00,-0.03671850839243784,-0.13868828384721643,-0.022568263152700663,-0.020142648683295405,-0.07644172162401097,-0.06324275500689214
2022-10-10 00:00:00+00:00,0.0023553664020279363,-0.0107802407293357,-0.0029269012097692393,-0.016274130776566365,-0.07275408439458508,-0.0004931214719139376
2022-10-11 00:00:00+00:00,-0.010254830909239843,-0.0031136533627370566,-0.02902798292000175,-0.010774938660856548,0.027001343747731665,-0.02897383620084637
2022-10-12 00:00:00+00:00,-0.004604888313927691,0.0038174111040851777,0.0030231164866849625,0.00737156810275863,0.0006185166079142324,0.003418039229395209
2022-10-13 00:00:00+00:00,0.033612874961873596,0.018841835459606715,0.061286070415913274,0.027632084603556706,0.00463683254881464,0.020622332969329804
2022-10-14 00:00:00+00:00,-0.032239928728479916,-0.050899220731242645,0.00031555764102431105,-0.030715212616948318,-0.11661541278545673,-0.07545550981161053
2022-10-17 00:00:00+00:00,0.029122503316262316,0.036110127053153196,0.06056750892344853,0.017324575508174567,0.06931388860764742,0.07005219876844393
2022-10-18 00:00:00+00:00,0.00940940476296337,-0.0006901469316630271,0.037477844056842846,0.03783148081104715,0.03061884701461426,0.003829479437051919
2022-10-19 00:00:00+00:00,0.000765203997454833,-0.011912960091889913,-0.027522999453556185,-0.02970185147190907,-0.00442475955591326,0.008401793106927569
2022-10-20 00:00:00+00:00,-0.0032667543011691835,0.00943562676649723,-0.006485805012268253,-0.0071711624743202584,-0.024444458976624506,-0.0664744863679374
2022-10-21 00:00:00+00:00,0.02705876422444775,0.018175510277660623,0.037092074726380764,0.020698544966873955,0.038724391532191316,0.03454266549727758
2022-10-24 00:00:00+00:00,0.01480289410952862,-0.0020401042588805707,0.003433368681757809,0.01246294563444339,-0.01817042363157151,-0.014875967194030837
2022-10-25 00:00:00+00:00,0.019337398834832653,0.04718910428894785,0.009124859541658648,0.042875140106493514,0.10051057787307616,0.05287573097725584
2022-10-26 00:00:00+00:00,-0.019626815849757118,-0.028306517714542734,0.008759270049808476,0.022506539327307395,-0.0014497839757726672,0.009981122376490958
2022-10-27 00:00:00+00:00,-0.03046554950999525,-0.018918484459658935,0.004761972572122852,0.005772021290750828,0.00174220022310001,0.00200319154854367
2022-10-28 00:00:00+00:00,0.07555240591054768,0.05819112519120684,0.008642508137185478,0.027526549683064783,-0.0005797234134398144,0.015238384603380561
2022-10-31 00:00:00+00:00,-0.015410317351859493,-0.031446492517724245,-0.0038696608994965853,-0.011170084484896647,0.014211185759053446,-0.004288512900427199
2022-11-01 00:00:00+00:00,-0.017542682783115104,-0.00666003191363207,0.0044394096430402374,-0.005456743805893671,-0.042607996181157626,0.0012306146011606955
2022-11-02 00:00:00+00:00,-0.03730482257977541,-0.01726447840984291,-0.0030386254173888627,-0.027528959640330086,-0.05854238683605839,-0.05636033352596026
2022-11-03 00:00:00+00:00,-0.04240506059508853,0.02524304136574873,-0.005541825798562439,-0.03018918846148866,0.022842677990056348,0.0015350350619269815
2022-11-04 00:00:00+00:00,-0.001947395954274067,0.03460319406483636,0.02507679604376012,0.01908559115015085,-0.007754401188992843,-0.03641259777431871
2022-11-07 00:00:00+00:00,0.0039021685560762798,0.014311034314181015,0.005979789613967723,0.011617379402213857,-0.020944047548848266,-0.05007952633400592
2022-11-08 00:00:00+00:00,0.004175251570089689,0.012206668051923497,0.0027019787729234412,0.014553140897737071,0.016922116596734593,-0.02932818513088775
2022-11-09 00:00:00+00:00,-0.03319017934298307,-0.06155051525598143,-0.015898662403568187,-0.023809458558894936,-0.11868133881859244,-0.07166757185130745
2022-11-10 00:00:00+00:00,0.08897457807134868,0.14269030896247625,0.04408547968112542,0.08276683314093503,0.17420731894593122,0.07393437216942544
2022-11-11 00:00:00+00:00,0.01926886692914498,0.0569592734971307,0.007343315945538942,0.004246517276533801,0.0588592990076926,0.027527264924482875
2022-11-14 00:00:00+00:00,-0.009485670707464422,0.01602868576331007,-0.016922662083423856,-0.02619953430066091,-0.01489972593204858,-0.02561618738169713
2022-11-15 00:00:00+00:00,0.0118694321903976,0.038623745606327864,-0.001588986616332555,-0.02171262266389873,0.02239675491103421,0.018172303095892017
2022-11-16 00:00:00+00:00,-0.008331163224329141,-0.04805559337896048,-0.009018587908035225,0.02402795537633362,-0.0520626387372235,-0.03857627852399581
2022-11-17 00:00:00+00:00,0.01297117629222111,0.01650625348018986,-0.005085610641001215,0.008669408516197352,-0.03751500634599858,-0.020062058831236462
2022-11-18 00:00:00+00:00,0.0037819726719532376,-0.004465518595951901,0.0005377438897575804,0.0020552425138937735,-0.05394448265353535,-0.016269016527425406
2022-11-21 00:00:00+00:00,-0.021680206030293636,-0.015087679964060907,0.0032268990415857957,0.008204333056706092,-0.06328279718647845,-0.06837231343190053
2022-11-22 00:00:00+00:00,0.014661153615361577,0.03850401532954484,0.004824671345961651,0.006230341892645486,0.01829699001997609,0.012152311933396831
2022-11-23 00:00:00+00:00,0.005926421488468003,0.015282412304038706,0.0032008602782840345,0.00415859425606202,0.026606722052713083,0.07821783885404354
2022-11-25 00:00:00+00:00,-0.019593681854392364,-0.016492174228604828,0.002392824679918748,0.0006441954661768889,-0.006058512398986249,-0.0018558752377418886
2022-11-28 00:00:00+00:00,-0.026264360744013393,-0.025951516689935228,-0.02228111016313916,-0.0172905622784848,-0.030138885076272937,0.0003281065208000644
2022-11-29 00:00:00+00:00,-0.021148065970273633,0.002732571957519747,0.003798054036398435,0.01591011608524462,0.007332437021531302,-0.011425739989130657
2022-11-30 00:00:00+00:00,0.048593950700348554,0.057773510001794204,0.02297286201114468,-0.0017503235819751328,0.11057194079299038,0.07670184691003823
2022-12-01 00:00:00+00:00,0.0018913915435694317,-0.0019321641348862828,-0.028700365628764213,-0.01688816779606206,-0.01747819467194911,0.0
2022-12-02 00:00:00+00:00,-0.0033712127788780855,-0.032266389928805816,-0.012859066410048747,-0.01060729473984312,-0.003811910216954262,0.0008217959148295595
2022-12-05 00:00:00+00:00,-0.007983249863265152,-0.018138177506840547,-0.04462311037102007,-0.01793170281145784,-0.058354588268151764,-0.06368676805520912
2022-12-06 00:00:00+00:00,-0.025370094020291,-0.04550402035500001,-0.04264575103586299,0.003477905578340268,-0.055536784925939275,-0.01441485156488942
2022-12-07 00:00:00+00:00,-0.013784966690169709,-0.0018499681176631366,-0.007878714689019128,-0.0012515447447029038,0.0017927983328582808,-0.032143331123685615
2022-12-08 00:00:00+00:00,0.01213289569239051,0.004704902109015308,-0.009163158808789373,-0.007808053630254941,0.0229062053477167,-0.003447430865732959
2022-12-09 00:00:00+00:00,-0.0034350391285751236,-0.026678087842294196,-0.001849579754780395,0.0006801347245097844,-0.04513642447943833,0.0323454827685834
2022-12-12 00:00:00+00:00,0.01638989531483004,0.030325148594674056,0.010809083847329815,0.022135877470853105,-0.06156102047691403,-0.0627198857086465
2022-12-13 00:00:00+00:00,0.006782592604884563,0.013867318272610785,0.0006110026933507928,0.012158114379973384,-0.025380769636380807,-0.04093677795344208
2022-12-14 00:00:00+00:00,-0.015535845701927786,-0.037962333046436925,-0.014351112202009575,-0.029185510840420315,-0.016826850334565435,-0.025784367661833008
2022-12-15 00:00:00+00:00,-0.0468542350610337,-0.03481795321707981,-0.015799168273198827,-0.04417583044843909,-0.02322744828473866,0.005548438139381551
2022-12-16 00:00:00+00:00,-0.014578589654914986,-0.016834437663269974,-0.0022032868436294706,-0.02012535971575724,-0.062161026858604695,-0.047187179094365206
2022-12-19 00:00:00+00:00,-0.01590976020784285,-0.01253642070492289,0.011356346047116217,-0.01775201778949098,-0.0200177430940488,-0.00239632976495896
2022-12-20 00:00:00+00:00,-0.0005287298694751641,0.007121949836639496,0.004054859622607765,0.016181421889404746,-0.028597414819743427,-0.08053641461716088
2022-12-21 00:00:00+00:00,0.023809626482412583,0.04043039400513759,0.015222151207296086,0.011270733421555157,-0.01728967002244164,-0.0016690545895901021
2022-12-22 00:00:00+00:00,-0.023772960390579967,-0.05644207561464931,-0.008873922642283705,-0.009611426597357697,-0.0618165050862175,-0.08882756559936855
2022-12-23 00:00:00+00:00,-0.0027980409165819786,0.01033504582534972,0.002469913410611868,0.007639905590917984,-0.029903708376924576,-0.017550833466474902
2022-12-27 00:00:00+00:00,-0.013878377594587654,-0.019373779453490836,0.0018478092080012054,-0.008708954822404191,-0.07314522796105416,-0.1140885333144338
2022-12-28 00:00:00+00:00,-0.030685114903239885,-0.011063707252645605,0.007377974354963568,-0.01519383757867876,0.0,0.03308891531476843
2022-12-29 00:00:00+00:00,0.028324306046641823,0.035959725283267296,0.011290638369258588,0.02277500666234622,0.055806075754856854,0.0808269069678893
2022-12-30 00:00:00+00:00,0.00246879300267544,-0.000771413946208388,-0.0006034435438349028,0.0038994685386561923,-0.016017044548455317,0.011164017515666869
